holding_years,point_pattern,max_signal_score,buy_signal_threshold,score,sp500_point,vix_point,signal_count,total_return_avg,total_return_median,total_return_min,total_return_max
1,S_A__V_A,10000,1000,1050,30,35,170,-0.03454601333129274,0.04612525524488276,-0.4875848299295745,0.4143785605334869
1,S_A__V_A,10000,1000,1500,30,50,149,-0.0008640125423551698,0.07633991406999119,-0.4506507045717254,0.40251095738716813
1,S_A__V_A,10000,1000,1750,50,35,217,-0.08535666073856137,-0.16188907146158982,-0.36649298811562314,0.3294945642794551
1,S_A__V_A,10000,1000,2400,30,80,72,0.13689277135020175,0.18281197027691554,-0.3544195898893221,0.43271164270658224
1,S_A__V_A,10000,1000,2500,50,50,129,-0.09604150461770339,-0.12351156842807975,-0.48822822765102736,0.3253452139975581
1,S_A__V_A,10000,1000,2800,80,35,76,-0.10834899890664784,-0.19982096835008017,-0.33024357691639916,0.2894614448985169
1,S_A__V_A,10000,1000,3000,30,100,53,0.21026989707547608,0.2232048294975859,-0.08240791135724024,0.43562936105373384
1,S_A__V_A,10000,1000,3500,100,35,4,0.13710835054101206,0.13633690261181164,0.1294390590874266,0.14632053785299837
1,S_A__V_A,10000,1000,4000,50,80,34,0.06902999903863997,0.049513864128318485,-0.41474528694445445,0.4690458399942923
1,S_A__V_A,10000,1000,4000,80,50,134,0.08044881867805935,0.12374011361630088,-0.298598205978688,0.322417076509087
1,S_A__V_A,10000,1000,5000,50,100,53,0.331050112553505,0.32000583682736017,-0.3904746905857931,0.5250605988964177
1,S_A__V_A,10000,1000,5000,100,50,32,0.11576498124378719,0.13995239038604212,-0.22544500293820335,0.3742732415758572
1,S_A__V_A,10000,1000,6400,80,80,82,0.06981378144808448,0.14393731558461076,-0.25631135332173227,0.3091767403440693
1,S_A__V_A,10000,1000,8000,80,100,31,0.1355525733676953,0.13312877426719583,-0.22920351429200503,0.5371450626511303
1,S_A__V_A,10000,1000,8000,100,80,102,0.1982195960746061,0.22433979434486562,-0.2670387484198299,0.40727756346652066
1,S_A__V_A,10000,1000,10000,100,100,224,0.2739793626222522,0.275616785460156,-0.26495385875029576,0.7477966345823344
1,S_A__V_B,10000,1000,1500,30,50,149,-0.0008640125423551698,0.07633991406999119,-0.4506507045717254,0.40251095738716813
1,S_A__V_B,10000,1000,2400,30,80,72,0.13689277135020175,0.18281197027691554,-0.3544195898893221,0.43271164270658224
1,S_A__V_B,10000,1000,2500,50,50,129,-0.09604150461770339,-0.12351156842807975,-0.48822822765102736,0.3253452139975581
1,S_A__V_B,10000,1000,3000,30,100,53,0.21026989707547608,0.2232048294975859,-0.08240791135724024,0.43562936105373384
1,S_A__V_B,10000,1000,4000,50,80,34,0.06902999903863997,0.049513864128318485,-0.41474528694445445,0.4690458399942923
1,S_A__V_B,10000,1000,4000,80,50,134,0.08044881867805935,0.12374011361630088,-0.298598205978688,0.322417076509087
1,S_A__V_B,10000,1000,5000,50,100,53,0.331050112553505,0.32000583682736017,-0.3904746905857931,0.5250605988964177
1,S_A__V_B,10000,1000,5000,100,50,32,0.11576498124378719,0.13995239038604212,-0.22544500293820335,0.3742732415758572
1,S_A__V_B,10000,1000,6400,80,80,82,0.06981378144808448,0.14393731558461076,-0.25631135332173227,0.3091767403440693
1,S_A__V_B,10000,1000,8000,80,100,31,0.1355525733676953,0.13312877426719583,-0.22920351429200503,0.5371450626511303
1,S_A__V_B,10000,1000,8000,100,80,102,0.1982195960746061,0.22433979434486562,-0.2670387484198299,0.40727756346652066
1,S_A__V_B,10000,1000,10000,100,100,224,0.2739793626222522,0.275616785460156,-0.26495385875029576,0.7477966345823344
1,S_A__V_C,10000,1000,1500,50,30,129,-0.09604150461770339,-0.12351156842807975,-0.48822822765102736,0.3253452139975581
1,S_A__V_C,10000,1000,2100,30,70,72,0.13689277135020175,0.18281197027691554,-0.3544195898893221,0.43271164270658224
1,S_A__V_C,10000,1000,2400,80,30,134,0.08044881867805935,0.12374011361630088,-0.298598205978688,0.322417076509087
1,S_A__V_C,10000,1000,3000,30,100,53,0.21026989707547608,0.2232048294975859,-0.08240791135724024,0.43562936105373384
1,S_A__V_C,10000,1000,3000,100,30,32,0.11576498124378719,0.13995239038604212,-0.22544500293820335,0.3742732415758572
1,S_A__V_C,10000,1000,3500,50,70,34,0.06902999903863997,0.049513864128318485,-0.41474528694445445,0.4690458399942923
1,S_A__V_C,10000,1000,5000,50,100,53,0.331050112553505,0.32000583682736017,-0.3904746905857931,0.5250605988964177
1,S_A__V_C,10000,1000,5600,80,70,82,0.06981378144808448,0.14393731558461076,-0.25631135332173227,0.3091767403440693
1,S_A__V_C,10000,1000,7000,100,70,102,0.1982195960746061,0.22433979434486562,-0.2670387484198299,0.40727756346652066
1,S_A__V_C,10000,1000,8000,80,100,31,0.1355525733676953,0.13312877426719583,-0.22920351429200503,0.5371450626511303
1,S_A__V_C,10000,1000,10000,100,100,224,0.2739793626222522,0.275616785460156,-0.26495385875029576,0.7477966345823344
1,S_A__V_D,10000,1000,1500,30,50,72,0.13689277135020175,0.18281197027691554,-0.3544195898893221,0.43271164270658224
1,S_A__V_D,10000,1000,2500,50,50,34,0.06902999903863997,0.049513864128318485,-0.41474528694445445,0.4690458399942923
1,S_A__V_D,10000,1000,3000,30,100,53,0.21026989707547608,0.2232048294975859,-0.08240791135724024,0.43562936105373384
1,S_A__V_D,10000,1000,4000,80,50,82,0.06981378144808448,0.14393731558461076,-0.25631135332173227,0.3091767403440693
1,S_A__V_D,10000,1000,5000,50,100,53,0.331050112553505,0.32000583682736017,-0.3904746905857931,0.5250605988964177
1,S_A__V_D,10000,1000,5000,100,50,102,0.1982195960746061,0.22433979434486562,-0.2670387484198299,0.40727756346652066
1,S_A__V_D,10000,1000,8000,80,100,31,0.1355525733676953,0.13312877426719583,-0.22920351429200503,0.5371450626511303
1,S_A__V_D,10000,1000,10000,100,100,224,0.2739793626222522,0.275616785460156,-0.26495385875029576,0.7477966345823344
1,S_A__V_E,10000,1000,2400,30,80,72,0.13689277135020175,0.18281197027691554,-0.3544195898893221,0.43271164270658224
1,S_A__V_E,10000,1000,3000,30,100,53,0.21026989707547608,0.2232048294975859,-0.08240791135724024,0.43562936105373384
1,S_A__V_E,10000,1000,4000,50,80,34,0.06902999903863997,0.049513864128318485,-0.41474528694445445,0.4690458399942923
1,S_A__V_E,10000,1000,5000,50,100,53,0.331050112553505,0.32000583682736017,-0.3904746905857931,0.5250605988964177
1,S_A__V_E,10000,1000,6400,80,80,82,0.06981378144808448,0.14393731558461076,-0.25631135332173227,0.3091767403440693
1,S_A__V_E,10000,1000,8000,80,100,31,0.1355525733676953,0.13312877426719583,-0.22920351429200503,0.5371450626511303
1,S_A__V_E,10000,1000,8000,100,80,102,0.1982195960746061,0.22433979434486562,-0.2670387484198299,0.40727756346652066
1,S_A__V_E,10000,1000,10000,100,100,224,0.2739793626222522,0.275616785460156,-0.26495385875029576,0.7477966345823344
1,S_B__V_A,6000,600,700,20,35,217,-0.08535666073856137,-0.16188907146158982,-0.36649298811562314,0.3294945642794551
1,S_B__V_A,6000,600,1000,20,50,129,-0.09604150461770339,-0.12351156842807975,-0.48822822765102736,0.3253452139975581
1,S_B__V_A,6000,600,1400,40,35,76,-0.10834899890664784,-0.19982096835008017,-0.33024357691639916,0.2894614448985169
1,S_B__V_A,6000,600,1600,20,80,34,0.06902999903863997,0.049513864128318485,-0.41474528694445445,0.4690458399942923
1,S_B__V_A,6000,600,2000,20,100,53,0.331050112553505,0.32000583682736017,-0.3904746905857931,0.5250605988964177
1,S_B__V_A,6000,600,2000,40,50,134,0.08044881867805935,0.12374011361630088,-0.298598205978688,0.322417076509087
1,S_B__V_A,6000,600,2100,60,35,4,0.13710835054101206,0.13633690261181164,0.1294390590874266,0.14632053785299837
1,S_B__V_A,6000,600,3000,60,50,32,0.11576498124378719,0.13995239038604212,-0.22544500293820335,0.3742732415758572
1,S_B__V_A,6000,600,3200,40,80,82,0.06981378144808448,0.14393731558461076,-0.25631135332173227,0.3091767403440693
1,S_B__V_A,6000,600,4000,40,100,31,0.1355525733676953,0.13312877426719583,-0.22920351429200503,0.5371450626511303
1,S_B__V_A,6000,600,4800,60,80,102,0.1982195960746061,0.22433979434486562,-0.2670387484198299,0.40727756346652066
1,S_B__V_A,6000,600,6000,60,100,224,0.2739793626222522,0.275616785460156,-0.26495385875029576,0.7477966345823344
1,S_B__V_B,6000,600,1000,20,50,129,-0.09604150461770339,-0.12351156842807975,-0.48822822765102736,0.3253452139975581
1,S_B__V_B,6000,600,1600,20,80,34,0.06902999903863997,0.049513864128318485,-0.41474528694445445,0.4690458399942923
1,S_B__V_B,6000,600,2000,20,100,53,0.331050112553505,0.32000583682736017,-0.3904746905857931,0.5250605988964177
1,S_B__V_B,6000,600,2000,40,50,134,0.08044881867805935,0.12374011361630088,-0.298598205978688,0.322417076509087
1,S_B__V_B,6000,600,3000,60,50,32,0.11576498124378719,0.13995239038604212,-0.22544500293820335,0.3742732415758572
1,S_B__V_B,6000,600,3200,40,80,82,0.06981378144808448,0.14393731558461076,-0.25631135332173227,0.3091767403440693
1,S_B__V_B,6000,600,4000,40,100,31,0.1355525733676953,0.13312877426719583,-0.22920351429200503,0.5371450626511303
1,S_B__V_B,6000,600,4800,60,80,102,0.1982195960746061,0.22433979434486562,-0.2670387484198299,0.40727756346652066
1,S_B__V_B,6000,600,6000,60,100,224,0.2739793626222522,0.275616785460156,-0.26495385875029576,0.7477966345823344
1,S_B__V_C,6000,600,600,20,30,129,-0.09604150461770339,-0.12351156842807975,-0.48822822765102736,0.3253452139975581
1,S_B__V_C,6000,600,1200,40,30,134,0.08044881867805935,0.12374011361630088,-0.298598205978688,0.322417076509087
1,S_B__V_C,6000,600,1400,20,70,34,0.06902999903863997,0.049513864128318485,-0.41474528694445445,0.4690458399942923
1,S_B__V_C,6000,600,1800,60,30,32,0.11576498124378719,0.13995239038604212,-0.22544500293820335,0.3742732415758572
1,S_B__V_C,6000,600,2000,20,100,53,0.331050112553505,0.32000583682736017,-0.3904746905857931,0.5250605988964177
1,S_B__V_C,6000,600,2800,40,70,82,0.06981378144808448,0.14393731558461076,-0.25631135332173227,0.3091767403440693
1,S_B__V_C,6000,600,4000,40,100,31,0.1355525733676953,0.13312877426719583,-0.22920351429200503,0.5371450626511303
1,S_B__V_C,6000,600,4200,60,70,102,0.1982195960746061,0.22433979434486562,-0.2670387484198299,0.40727756346652066
1,S_B__V_C,6000,600,6000,60,100,224,0.2739793626222522,0.275616785460156,-0.26495385875029576,0.7477966345823344
1,S_B__V_D,6000,600,1000,20,50,34,0.06902999903863997,0.049513864128318485,-0.41474528694445445,0.4690458399942923
1,S_B__V_D,6000,600,2000,20,100,53,0.331050112553505,0.32000583682736017,-0.3904746905857931,0.5250605988964177
1,S_B__V_D,6000,600,2000,40,50,82,0.06981378144808448,0.14393731558461076,-0.25631135332173227,0.3091767403440693
1,S_B__V_D,6000,600,3000,60,50,102,0.1982195960746061,0.22433979434486562,-0.2670387484198299,0.40727756346652066
1,S_B__V_D,6000,600,4000,40,100,31,0.1355525733676953,0.13312877426719583,-0.22920351429200503,0.5371450626511303
1,S_B__V_D,6000,600,6000,60,100,224,0.2739793626222522,0.275616785460156,-0.26495385875029576,0.7477966345823344
1,S_B__V_E,6000,600,1600,20,80,34,0.06902999903863997,0.049513864128318485,-0.41474528694445445,0.4690458399942923
1,S_B__V_E,6000,600,2000,20,100,53,0.331050112553505,0.32000583682736017,-0.3904746905857931,0.5250605988964177
1,S_B__V_E,6000,600,3200,40,80,82,0.06981378144808448,0.14393731558461076,-0.25631135332173227,0.3091767403440693
1,S_B__V_E,6000,600,4000,40,100,31,0.1355525733676953,0.13312877426719583,-0.22920351429200503,0.5371450626511303
1,S_B__V_E,6000,600,4800,60,80,102,0.1982195960746061,0.22433979434486562,-0.2670387484198299,0.40727756346652066
1,S_B__V_E,6000,600,6000,60,100,224,0.2739793626222522,0.275616785460156,-0.26495385875029576,0.7477966345823344
1,S_C__V_A,4000,400,500,10,50,129,-0.09604150461770339,-0.12351156842807975,-0.48822822765102736,0.3253452139975581
1,S_C__V_A,4000,400,800,10,80,34,0.06902999903863997,0.049513864128318485,-0.41474528694445445,0.4690458399942923
1,S_C__V_A,4000,400,875,25,35,76,-0.10834899890664784,-0.19982096835008017,-0.33024357691639916,0.2894614448985169
1,S_C__V_A,4000,400,1000,10,100,53,0.331050112553505,0.32000583682736017,-0.3904746905857931,0.5250605988964177
1,S_C__V_A,4000,400,1250,25,50,134,0.08044881867805935,0.12374011361630088,-0.298598205978688,0.322417076509087
1,S_C__V_A,4000,400,1400,40,35,4,0.13710835054101206,0.13633690261181164,0.1294390590874266,0.14632053785299837
1,S_C__V_A,4000,400,2000,25,80,82,0.06981378144808448,0.14393731558461076,-0.25631135332173227,0.3091767403440693
1,S_C__V_A,4000,400,2000,40,50,32,0.11576498124378719,0.13995239038604212,-0.22544500293820335,0.3742732415758572
1,S_C__V_A,4000,400,2500,25,100,31,0.1355525733676953,0.13312877426719583,-0.22920351429200503,0.5371450626511303
1,S_C__V_A,4000,400,3200,40,80,102,0.1982195960746061,0.22433979434486562,-0.2670387484198299,0.40727756346652066
1,S_C__V_A,4000,400,4000,40,100,224,0.2739793626222522,0.275616785460156,-0.26495385875029576,0.7477966345823344
1,S_C__V_B,4000,400,500,10,50,129,-0.09604150461770339,-0.12351156842807975,-0.48822822765102736,0.3253452139975581
1,S_C__V_B,4000,400,800,10,80,34,0.06902999903863997,0.049513864128318485,-0.41474528694445445,0.4690458399942923
1,S_C__V_B,4000,400,1000,10,100,53,0.331050112553505,0.32000583682736017,-0.3904746905857931,0.5250605988964177
1,S_C__V_B,4000,400,1250,25,50,134,0.08044881867805935,0.12374011361630088,-0.298598205978688,0.322417076509087
1,S_C__V_B,4000,400,2000,25,80,82,0.06981378144808448,0.14393731558461076,-0.25631135332173227,0.3091767403440693
1,S_C__V_B,4000,400,2000,40,50,32,0.11576498124378719,0.13995239038604212,-0.22544500293820335,0.3742732415758572
1,S_C__V_B,4000,400,2500,25,100,31,0.1355525733676953,0.13312877426719583,-0.22920351429200503,0.5371450626511303
1,S_C__V_B,4000,400,3200,40,80,102,0.1982195960746061,0.22433979434486562,-0.2670387484198299,0.40727756346652066
1,S_C__V_B,4000,400,4000,40,100,224,0.2739793626222522,0.275616785460156,-0.26495385875029576,0.7477966345823344
1,S_C__V_C,4000,400,700,10,70,34,0.06902999903863997,0.049513864128318485,-0.41474528694445445,0.4690458399942923
1,S_C__V_C,4000,400,750,25,30,134,0.08044881867805935,0.12374011361630088,-0.298598205978688,0.322417076509087
1,S_C__V_C,4000,400,1000,10,100,53,0.331050112553505,0.32000583682736017,-0.3904746905857931,0.5250605988964177
1,S_C__V_C,4000,400,1200,40,30,32,0.11576498124378719,0.13995239038604212,-0.22544500293820335,0.3742732415758572
1,S_C__V_C,4000,400,1750,25,70,82,0.06981378144808448,0.14393731558461076,-0.25631135332173227,0.3091767403440693
1,S_C__V_C,4000,400,2500,25,100,31,0.1355525733676953,0.13312877426719583,-0.22920351429200503,0.5371450626511303
1,S_C__V_C,4000,400,2800,40,70,102,0.1982195960746061,0.22433979434486562,-0.2670387484198299,0.40727756346652066
1,S_C__V_C,4000,400,4000,40,100,224,0.2739793626222522,0.275616785460156,-0.26495385875029576,0.7477966345823344
1,S_C__V_D,4000,400,500,10,50,34,0.06902999903863997,0.049513864128318485,-0.41474528694445445,0.4690458399942923
1,S_C__V_D,4000,400,1000,10,100,53,0.331050112553505,0.32000583682736017,-0.3904746905857931,0.5250605988964177
1,S_C__V_D,4000,400,1250,25,50,82,0.06981378144808448,0.14393731558461076,-0.25631135332173227,0.3091767403440693
1,S_C__V_D,4000,400,2000,40,50,102,0.1982195960746061,0.22433979434486562,-0.2670387484198299,0.40727756346652066
1,S_C__V_D,4000,400,2500,25,100,31,0.1355525733676953,0.13312877426719583,-0.22920351429200503,0.5371450626511303
1,S_C__V_D,4000,400,4000,40,100,224,0.2739793626222522,0.275616785460156,-0.26495385875029576,0.7477966345823344
1,S_C__V_E,4000,400,800,10,80,34,0.06902999903863997,0.049513864128318485,-0.41474528694445445,0.4690458399942923
1,S_C__V_E,4000,400,1000,10,100,53,0.331050112553505,0.32000583682736017,-0.3904746905857931,0.5250605988964177
1,S_C__V_E,4000,400,2000,25,80,82,0.06981378144808448,0.14393731558461076,-0.25631135332173227,0.3091767403440693
1,S_C__V_E,4000,400,2500,25,100,31,0.1355525733676953,0.13312877426719583,-0.22920351429200503,0.5371450626511303
1,S_C__V_E,4000,400,3200,40,80,102,0.1982195960746061,0.22433979434486562,-0.2670387484198299,0.40727756346652066
1,S_C__V_E,4000,400,4000,40,100,224,0.2739793626222522,0.275616785460156,-0.26495385875029576,0.7477966345823344
1,S_D__V_A,3000,300,1050,30,35,297,-0.08824406025255557,-0.17869012679470897,-0.36649298811562314,0.3294945642794551
1,S_D__V_A,3000,300,1500,30,50,295,0.007102600023652224,0.07055772989080689,-0.48822822765102736,0.3742732415758572
1,S_D__V_A,3000,300,2400,30,80,218,0.12977132498012162,0.17042581818144575,-0.41474528694445445,0.4690458399942923
1,S_D__V_A,3000,300,3000,30,100,308,0.2698674122309052,0.27617972003790514,-0.3904746905857931,0.7477966345823344
1,S_D__V_B,3000,300,1500,30,50,295,0.007102600023652224,0.07055772989080689,-0.48822822765102736,0.3742732415758572
1,S_D__V_B,3000,300,2400,30,80,218,0.12977132498012162,0.17042581818144575,-0.41474528694445445,0.4690458399942923
1,S_D__V_B,3000,300,3000,30,100,308,0.2698674122309052,0.27617972003790514,-0.3904746905857931,0.7477966345823344
1,S_D__V_C,3000,300,900,30,30,295,0.007102600023652224,0.07055772989080689,-0.48822822765102736,0.3742732415758572
1,S_D__V_C,3000,300,2100,30,70,218,0.12977132498012162,0.17042581818144575,-0.41474528694445445,0.4690458399942923
1,S_D__V_C,3000,300,3000,30,100,308,0.2698674122309052,0.27617972003790514,-0.3904746905857931,0.7477966345823344
1,S_D__V_D,3000,300,1500,30,50,218,0.12977132498012162,0.17042581818144575,-0.41474528694445445,0.4690458399942923
1,S_D__V_D,3000,300,3000,30,100,308,0.2698674122309052,0.27617972003790514,-0.3904746905857931,0.7477966345823344
1,S_D__V_E,3000,300,2400,30,80,218,0.12977132498012162,0.17042581818144575,-0.41474528694445445,0.4690458399942923
1,S_D__V_E,3000,300,3000,30,100,308,0.2698674122309052,0.27617972003790514,-0.3904746905857931,0.7477966345823344
1,S_E__V_A,5000,500,1050,30,35,76,-0.10834899890664784,-0.19982096835008017,-0.33024357691639916,0.2894614448985169
1,S_E__V_A,5000,500,1500,30,50,134,0.08044881867805935,0.12374011361630088,-0.298598205978688,0.322417076509087
1,S_E__V_A,5000,500,1750,50,35,4,0.13710835054101206,0.13633690261181164,0.1294390590874266,0.14632053785299837
1,S_E__V_A,5000,500,2400,30,80,82,0.06981378144808448,0.14393731558461076,-0.25631135332173227,0.3091767403440693
1,S_E__V_A,5000,500,2500,50,50,32,0.11576498124378719,0.13995239038604212,-0.22544500293820335,0.3742732415758572
1,S_E__V_A,5000,500,3000,30,100,31,0.1355525733676953,0.13312877426719583,-0.22920351429200503,0.5371450626511303
1,S_E__V_A,5000,500,4000,50,80,102,0.1982195960746061,0.22433979434486562,-0.2670387484198299,0.40727756346652066
1,S_E__V_A,5000,500,5000,50,100,224,0.2739793626222522,0.275616785460156,-0.26495385875029576,0.7477966345823344
1,S_E__V_B,5000,500,1500,30,50,134,0.08044881867805935,0.12374011361630088,-0.298598205978688,0.322417076509087
1,S_E__V_B,5000,500,2400,30,80,82,0.06981378144808448,0.14393731558461076,-0.25631135332173227,0.3091767403440693
1,S_E__V_B,5000,500,2500,50,50,32,0.11576498124378719,0.13995239038604212,-0.22544500293820335,0.3742732415758572
1,S_E__V_B,5000,500,3000,30,100,31,0.1355525733676953,0.13312877426719583,-0.22920351429200503,0.5371450626511303
1,S_E__V_B,5000,500,4000,50,80,102,0.1982195960746061,0.22433979434486562,-0.2670387484198299,0.40727756346652066
1,S_E__V_B,5000,500,5000,50,100,224,0.2739793626222522,0.275616785460156,-0.26495385875029576,0.7477966345823344
1,S_E__V_C,5000,500,900,30,30,134,0.08044881867805935,0.12374011361630088,-0.298598205978688,0.322417076509087
1,S_E__V_C,5000,500,1500,50,30,32,0.11576498124378719,0.13995239038604212,-0.22544500293820335,0.3742732415758572
1,S_E__V_C,5000,500,2100,30,70,82,0.06981378144808448,0.14393731558461076,-0.25631135332173227,0.3091767403440693
1,S_E__V_C,5000,500,3000,30,100,31,0.1355525733676953,0.13312877426719583,-0.22920351429200503,0.5371450626511303
1,S_E__V_C,5000,500,3500,50,70,102,0.1982195960746061,0.22433979434486562,-0.2670387484198299,0.40727756346652066
1,S_E__V_C,5000,500,5000,50,100,224,0.2739793626222522,0.275616785460156,-0.26495385875029576,0.7477966345823344
1,S_E__V_D,5000,500,1500,30,50,82,0.06981378144808448,0.14393731558461076,-0.25631135332173227,0.3091767403440693
1,S_E__V_D,5000,500,2500,50,50,102,0.1982195960746061,0.22433979434486562,-0.2670387484198299,0.40727756346652066
1,S_E__V_D,5000,500,3000,30,100,31,0.1355525733676953,0.13312877426719583,-0.22920351429200503,0.5371450626511303
1,S_E__V_D,5000,500,5000,50,100,224,0.2739793626222522,0.275616785460156,-0.26495385875029576,0.7477966345823344
1,S_E__V_E,5000,500,2400,30,80,82,0.06981378144808448,0.14393731558461076,-0.25631135332173227,0.3091767403440693
1,S_E__V_E,5000,500,3000,30,100,31,0.1355525733676953,0.13312877426719583,-0.22920351429200503,0.5371450626511303
1,S_E__V_E,5000,500,4000,50,80,102,0.1982195960746061,0.22433979434486562,-0.2670387484198299,0.40727756346652066
1,S_E__V_E,5000,500,5000,50,100,224,0.2739793626222522,0.275616785460156,-0.26495385875029576,0.7477966345823344
1,S_F__V_A,100,10,35,1,35,297,-0.08824406025255557,-0.17869012679470897,-0.36649298811562314,0.3294945642794551
1,S_F__V_A,100,10,50,1,50,295,0.007102600023652224,0.07055772989080689,-0.48822822765102736,0.3742732415758572
1,S_F__V_A,100,10,80,1,80,218,0.12977132498012162,0.17042581818144575,-0.41474528694445445,0.4690458399942923
1,S_F__V_A,100,10,100,1,100,308,0.2698674122309052,0.27617972003790514,-0.3904746905857931,0.7477966345823344
1,S_F__V_B,100,10,50,1,50,295,0.007102600023652224,0.07055772989080689,-0.48822822765102736,0.3742732415758572
1,S_F__V_B,100,10,80,1,80,218,0.12977132498012162,0.17042581818144575,-0.41474528694445445,0.4690458399942923
1,S_F__V_B,100,10,100,1,100,308,0.2698674122309052,0.27617972003790514,-0.3904746905857931,0.7477966345823344
1,S_F__V_C,100,10,30,1,30,295,0.007102600023652224,0.07055772989080689,-0.48822822765102736,0.3742732415758572
1,S_F__V_C,100,10,70,1,70,218,0.12977132498012162,0.17042581818144575,-0.41474528694445445,0.4690458399942923
1,S_F__V_C,100,10,100,1,100,308,0.2698674122309052,0.27617972003790514,-0.3904746905857931,0.7477966345823344
1,S_F__V_D,100,10,50,1,50,218,0.12977132498012162,0.17042581818144575,-0.41474528694445445,0.4690458399942923
1,S_F__V_D,100,10,100,1,100,308,0.2698674122309052,0.27617972003790514,-0.3904746905857931,0.7477966345823344
1,S_F__V_E,100,10,80,1,80,218,0.12977132498012162,0.17042581818144575,-0.41474528694445445,0.4690458399942923
1,S_F__V_E,100,10,100,1,100,308,0.2698674122309052,0.27617972003790514,-0.3904746905857931,0.7477966345823344
3,S_A__V_A,10000,1000,1050,30,35,168,0.28246379321111803,0.36285141879635996,-0.30953109027225356,0.8932281768106032
3,S_A__V_A,10000,1000,1500,30,50,145,0.21610080609948934,0.3880841020956547,-0.35860682390026966,0.9109572405942059
3,S_A__V_A,10000,1000,1750,50,35,217,0.1747013464906197,0.06066090838771987,-0.15862755333571443,0.8124654362251311
3,S_A__V_A,10000,1000,2400,30,80,66,0.4212110181882835,0.4280571455403538,-0.34744505054468033,0.7418688293892661
3,S_A__V_A,10000,1000,2500,50,50,129,0.2101663099986422,0.05418321680468785,-0.18636283311014923,0.9594672428431814
3,S_A__V_A,10000,1000,2800,80,35,76,0.11103434745739066,-0.061392988465350185,-0.1155596569990508,0.8253604833587151
3,S_A__V_A,10000,1000,3000,30,100,49,0.5328500723943419,0.5469021267361112,0.3368784249751311,0.7297021188814938
3,S_A__V_A,10000,1000,3500,100,35,4,0.3941561544388094,0.39721730086149787,0.3666544587213969,0.415535557310845
3,S_A__V_A,10000,1000,4000,50,80,34,0.40854849704928864,0.48682947314761604,-0.18618956245178508,0.9255232310942367
3,S_A__V_A,10000,1000,4000,80,50,134,0.3440612804339634,0.39124767898977486,-0.08939180070246644,0.841981997508773
3,S_A__V_A,10000,1000,5000,50,100,49,0.5602666672056558,0.49423264622487495,-0.015001933750238505,0.9415609823759097
3,S_A__V_A,10000,1000,5000,100,50,32,0.3624681377779669,0.4359393863356029,-0.0346188948665177,0.5232926929323967
3,S_A__V_A,10000,1000,6400,80,80,82,0.3645886135106036,0.3395419209408893,-0.07779339819845232,0.8448399042476857
3,S_A__V_A,10000,1000,8000,80,100,31,0.32466489338324883,0.361352103636319,-0.04358613579061543,1.037850258346066
3,S_A__V_A,10000,1000,8000,100,80,102,0.42213673146479413,0.4876768876021176,-0.04132604969711051,0.8653565470800111
3,S_A__V_A,10000,1000,10000,100,100,224,0.48211348294751344,0.4731980210450152,-0.05325312645746094,1.0263254190533826
3,S_A__V_B,10000,1000,1500,30,50,145,0.21610080609948934,0.3880841020956547,-0.35860682390026966,0.9109572405942059
3,S_A__V_B,10000,1000,2400,30,80,66,0.4212110181882835,0.4280571455403538,-0.34744505054468033,0.7418688293892661
3,S_A__V_B,10000,1000,2500,50,50,129,0.2101663099986422,0.05418321680468785,-0.18636283311014923,0.9594672428431814
3,S_A__V_B,10000,1000,3000,30,100,49,0.5328500723943419,0.5469021267361112,0.3368784249751311,0.7297021188814938
3,S_A__V_B,10000,1000,4000,50,80,34,0.40854849704928864,0.48682947314761604,-0.18618956245178508,0.9255232310942367
3,S_A__V_B,10000,1000,4000,80,50,134,0.3440612804339634,0.39124767898977486,-0.08939180070246644,0.841981997508773
3,S_A__V_B,10000,1000,5000,50,100,49,0.5602666672056558,0.49423264622487495,-0.015001933750238505,0.9415609823759097
3,S_A__V_B,10000,1000,5000,100,50,32,0.3624681377779669,0.4359393863356029,-0.0346188948665177,0.5232926929323967
3,S_A__V_B,10000,1000,6400,80,80,82,0.3645886135106036,0.3395419209408893,-0.07779339819845232,0.8448399042476857
3,S_A__V_B,10000,1000,8000,80,100,31,0.32466489338324883,0.361352103636319,-0.04358613579061543,1.037850258346066
3,S_A__V_B,10000,1000,8000,100,80,102,0.42213673146479413,0.4876768876021176,-0.04132604969711051,0.8653565470800111
3,S_A__V_B,10000,1000,10000,100,100,224,0.48211348294751344,0.4731980210450152,-0.05325312645746094,1.0263254190533826
3,S_A__V_C,10000,1000,1500,50,30,129,0.2101663099986422,0.05418321680468785,-0.18636283311014923,0.9594672428431814
3,S_A__V_C,10000,1000,2100,30,70,66,0.4212110181882835,0.4280571455403538,-0.34744505054468033,0.7418688293892661
3,S_A__V_C,10000,1000,2400,80,30,134,0.3440612804339634,0.39124767898977486,-0.08939180070246644,0.841981997508773
3,S_A__V_C,10000,1000,3000,30,100,49,0.5328500723943419,0.5469021267361112,0.3368784249751311,0.7297021188814938
3,S_A__V_C,10000,1000,3000,100,30,32,0.3624681377779669,0.4359393863356029,-0.0346188948665177,0.5232926929323967
3,S_A__V_C,10000,1000,3500,50,70,34,0.40854849704928864,0.48682947314761604,-0.18618956245178508,0.9255232310942367
3,S_A__V_C,10000,1000,5000,50,100,49,0.5602666672056558,0.49423264622487495,-0.015001933750238505,0.9415609823759097
3,S_A__V_C,10000,1000,5600,80,70,82,0.3645886135106036,0.3395419209408893,-0.07779339819845232,0.8448399042476857
3,S_A__V_C,10000,1000,7000,100,70,102,0.42213673146479413,0.4876768876021176,-0.04132604969711051,0.8653565470800111
3,S_A__V_C,10000,1000,8000,80,100,31,0.32466489338324883,0.361352103636319,-0.04358613579061543,1.037850258346066
3,S_A__V_C,10000,1000,10000,100,100,224,0.48211348294751344,0.4731980210450152,-0.05325312645746094,1.0263254190533826
3,S_A__V_D,10000,1000,1500,30,50,66,0.4212110181882835,0.4280571455403538,-0.34744505054468033,0.7418688293892661
3,S_A__V_D,10000,1000,2500,50,50,34,0.40854849704928864,0.48682947314761604,-0.18618956245178508,0.9255232310942367
3,S_A__V_D,10000,1000,3000,30,100,49,0.5328500723943419,0.5469021267361112,0.3368784249751311,0.7297021188814938
3,S_A__V_D,10000,1000,4000,80,50,82,0.3645886135106036,0.3395419209408893,-0.07779339819845232,0.8448399042476857
3,S_A__V_D,10000,1000,5000,50,100,49,0.5602666672056558,0.49423264622487495,-0.015001933750238505,0.9415609823759097
3,S_A__V_D,10000,1000,5000,100,50,102,0.42213673146479413,0.4876768876021176,-0.04132604969711051,0.8653565470800111
3,S_A__V_D,10000,1000,8000,80,100,31,0.32466489338324883,0.361352103636319,-0.04358613579061543,1.037850258346066
3,S_A__V_D,10000,1000,10000,100,100,224,0.48211348294751344,0.4731980210450152,-0.05325312645746094,1.0263254190533826
3,S_A__V_E,10000,1000,2400,30,80,66,0.4212110181882835,0.4280571455403538,-0.34744505054468033,0.7418688293892661
3,S_A__V_E,10000,1000,3000,30,100,49,0.5328500723943419,0.5469021267361112,0.3368784249751311,0.7297021188814938
3,S_A__V_E,10000,1000,4000,50,80,34,0.40854849704928864,0.48682947314761604,-0.18618956245178508,0.9255232310942367
3,S_A__V_E,10000,1000,5000,50,100,49,0.5602666672056558,0.49423264622487495,-0.015001933750238505,0.9415609823759097
3,S_A__V_E,10000,1000,6400,80,80,82,0.3645886135106036,0.3395419209408893,-0.07779339819845232,0.8448399042476857
3,S_A__V_E,10000,1000,8000,80,100,31,0.32466489338324883,0.361352103636319,-0.04358613579061543,1.037850258346066
3,S_A__V_E,10000,1000,8000,100,80,102,0.42213673146479413,0.4876768876021176,-0.04132604969711051,0.8653565470800111
3,S_A__V_E,10000,1000,10000,100,100,224,0.48211348294751344,0.4731980210450152,-0.05325312645746094,1.0263254190533826
3,S_B__V_A,6000,600,700,20,35,217,0.1747013464906197,0.06066090838771987,-0.15862755333571443,0.8124654362251311
3,S_B__V_A,6000,600,1000,20,50,129,0.2101663099986422,0.05418321680468785,-0.18636283311014923,0.9594672428431814
3,S_B__V_A,6000,600,1400,40,35,76,0.11103434745739066,-0.061392988465350185,-0.1155596569990508,0.8253604833587151
3,S_B__V_A,6000,600,1600,20,80,34,0.40854849704928864,0.48682947314761604,-0.18618956245178508,0.9255232310942367
3,S_B__V_A,6000,600,2000,20,100,49,0.5602666672056558,0.49423264622487495,-0.015001933750238505,0.9415609823759097
3,S_B__V_A,6000,600,2000,40,50,134,0.3440612804339634,0.39124767898977486,-0.08939180070246644,0.841981997508773
3,S_B__V_A,6000,600,2100,60,35,4,0.3941561544388094,0.39721730086149787,0.3666544587213969,0.415535557310845
3,S_B__V_A,6000,600,3000,60,50,32,0.3624681377779669,0.4359393863356029,-0.0346188948665177,0.5232926929323967
3,S_B__V_A,6000,600,3200,40,80,82,0.3645886135106036,0.3395419209408893,-0.07779339819845232,0.8448399042476857
3,S_B__V_A,6000,600,4000,40,100,31,0.32466489338324883,0.361352103636319,-0.04358613579061543,1.037850258346066
3,S_B__V_A,6000,600,4800,60,80,102,0.42213673146479413,0.4876768876021176,-0.04132604969711051,0.8653565470800111
3,S_B__V_A,6000,600,6000,60,100,224,0.48211348294751344,0.4731980210450152,-0.05325312645746094,1.0263254190533826
3,S_B__V_B,6000,600,1000,20,50,129,0.2101663099986422,0.05418321680468785,-0.18636283311014923,0.9594672428431814
3,S_B__V_B,6000,600,1600,20,80,34,0.40854849704928864,0.48682947314761604,-0.18618956245178508,0.9255232310942367
3,S_B__V_B,6000,600,2000,20,100,49,0.5602666672056558,0.49423264622487495,-0.015001933750238505,0.9415609823759097
3,S_B__V_B,6000,600,2000,40,50,134,0.3440612804339634,0.39124767898977486,-0.08939180070246644,0.841981997508773
3,S_B__V_B,6000,600,3000,60,50,32,0.3624681377779669,0.4359393863356029,-0.0346188948665177,0.5232926929323967
3,S_B__V_B,6000,600,3200,40,80,82,0.3645886135106036,0.3395419209408893,-0.07779339819845232,0.8448399042476857
3,S_B__V_B,6000,600,4000,40,100,31,0.32466489338324883,0.361352103636319,-0.04358613579061543,1.037850258346066
3,S_B__V_B,6000,600,4800,60,80,102,0.42213673146479413,0.4876768876021176,-0.04132604969711051,0.8653565470800111
3,S_B__V_B,6000,600,6000,60,100,224,0.48211348294751344,0.4731980210450152,-0.05325312645746094,1.0263254190533826
3,S_B__V_C,6000,600,600,20,30,129,0.2101663099986422,0.05418321680468785,-0.18636283311014923,0.9594672428431814
3,S_B__V_C,6000,600,1200,40,30,134,0.3440612804339634,0.39124767898977486,-0.08939180070246644,0.841981997508773
3,S_B__V_C,6000,600,1400,20,70,34,0.40854849704928864,0.48682947314761604,-0.18618956245178508,0.9255232310942367
3,S_B__V_C,6000,600,1800,60,30,32,0.3624681377779669,0.4359393863356029,-0.0346188948665177,0.5232926929323967
3,S_B__V_C,6000,600,2000,20,100,49,0.5602666672056558,0.49423264622487495,-0.015001933750238505,0.9415609823759097
3,S_B__V_C,6000,600,2800,40,70,82,0.3645886135106036,0.3395419209408893,-0.07779339819845232,0.8448399042476857
3,S_B__V_C,6000,600,4000,40,100,31,0.32466489338324883,0.361352103636319,-0.04358613579061543,1.037850258346066
3,S_B__V_C,6000,600,4200,60,70,102,0.42213673146479413,0.4876768876021176,-0.04132604969711051,0.8653565470800111
3,S_B__V_C,6000,600,6000,60,100,224,0.48211348294751344,0.4731980210450152,-0.05325312645746094,1.0263254190533826
3,S_B__V_D,6000,600,1000,20,50,34,0.40854849704928864,0.48682947314761604,-0.18618956245178508,0.9255232310942367
3,S_B__V_D,6000,600,2000,20,100,49,0.5602666672056558,0.49423264622487495,-0.015001933750238505,0.9415609823759097
3,S_B__V_D,6000,600,2000,40,50,82,0.3645886135106036,0.3395419209408893,-0.07779339819845232,0.8448399042476857
3,S_B__V_D,6000,600,3000,60,50,102,0.42213673146479413,0.4876768876021176,-0.04132604969711051,0.8653565470800111
3,S_B__V_D,6000,600,4000,40,100,31,0.32466489338324883,0.361352103636319,-0.04358613579061543,1.037850258346066
3,S_B__V_D,6000,600,6000,60,100,224,0.48211348294751344,0.4731980210450152,-0.05325312645746094,1.0263254190533826
3,S_B__V_E,6000,600,1600,20,80,34,0.40854849704928864,0.48682947314761604,-0.18618956245178508,0.9255232310942367
3,S_B__V_E,6000,600,2000,20,100,49,0.5602666672056558,0.49423264622487495,-0.015001933750238505,0.9415609823759097
3,S_B__V_E,6000,600,3200,40,80,82,0.3645886135106036,0.3395419209408893,-0.07779339819845232,0.8448399042476857
3,S_B__V_E,6000,600,4000,40,100,31,0.32466489338324883,0.361352103636319,-0.04358613579061543,1.037850258346066
3,S_B__V_E,6000,600,4800,60,80,102,0.42213673146479413,0.4876768876021176,-0.04132604969711051,0.8653565470800111
3,S_B__V_E,6000,600,6000,60,100,224,0.48211348294751344,0.4731980210450152,-0.05325312645746094,1.0263254190533826
3,S_C__V_A,4000,400,500,10,50,129,0.2101663099986422,0.05418321680468785,-0.18636283311014923,0.9594672428431814
3,S_C__V_A,4000,400,800,10,80,34,0.40854849704928864,0.48682947314761604,-0.18618956245178508,0.9255232310942367
3,S_C__V_A,4000,400,875,25,35,76,0.11103434745739066,-0.061392988465350185,-0.1155596569990508,0.8253604833587151
3,S_C__V_A,4000,400,1000,10,100,49,0.5602666672056558,0.49423264622487495,-0.015001933750238505,0.9415609823759097
3,S_C__V_A,4000,400,1250,25,50,134,0.3440612804339634,0.39124767898977486,-0.08939180070246644,0.841981997508773
3,S_C__V_A,4000,400,1400,40,35,4,0.3941561544388094,0.39721730086149787,0.3666544587213969,0.415535557310845
3,S_C__V_A,4000,400,2000,25,80,82,0.3645886135106036,0.3395419209408893,-0.07779339819845232,0.8448399042476857
3,S_C__V_A,4000,400,2000,40,50,32,0.3624681377779669,0.4359393863356029,-0.0346188948665177,0.5232926929323967
3,S_C__V_A,4000,400,2500,25,100,31,0.32466489338324883,0.361352103636319,-0.04358613579061543,1.037850258346066
3,S_C__V_A,4000,400,3200,40,80,102,0.42213673146479413,0.4876768876021176,-0.04132604969711051,0.8653565470800111
3,S_C__V_A,4000,400,4000,40,100,224,0.48211348294751344,0.4731980210450152,-0.05325312645746094,1.0263254190533826
3,S_C__V_B,4000,400,500,10,50,129,0.2101663099986422,0.05418321680468785,-0.18636283311014923,0.9594672428431814
3,S_C__V_B,4000,400,800,10,80,34,0.40854849704928864,0.48682947314761604,-0.18618956245178508,0.9255232310942367
3,S_C__V_B,4000,400,1000,10,100,49,0.5602666672056558,0.49423264622487495,-0.015001933750238505,0.9415609823759097
3,S_C__V_B,4000,400,1250,25,50,134,0.3440612804339634,0.39124767898977486,-0.08939180070246644,0.841981997508773
3,S_C__V_B,4000,400,2000,25,80,82,0.3645886135106036,0.3395419209408893,-0.07779339819845232,0.8448399042476857
3,S_C__V_B,4000,400,2000,40,50,32,0.3624681377779669,0.4359393863356029,-0.0346188948665177,0.5232926929323967
3,S_C__V_B,4000,400,2500,25,100,31,0.32466489338324883,0.361352103636319,-0.04358613579061543,1.037850258346066
3,S_C__V_B,4000,400,3200,40,80,102,0.42213673146479413,0.4876768876021176,-0.04132604969711051,0.8653565470800111
3,S_C__V_B,4000,400,4000,40,100,224,0.48211348294751344,0.4731980210450152,-0.05325312645746094,1.0263254190533826
3,S_C__V_C,4000,400,700,10,70,34,0.40854849704928864,0.48682947314761604,-0.18618956245178508,0.9255232310942367
3,S_C__V_C,4000,400,750,25,30,134,0.3440612804339634,0.39124767898977486,-0.08939180070246644,0.841981997508773
3,S_C__V_C,4000,400,1000,10,100,49,0.5602666672056558,0.49423264622487495,-0.015001933750238505,0.9415609823759097
3,S_C__V_C,4000,400,1200,40,30,32,0.3624681377779669,0.4359393863356029,-0.0346188948665177,0.5232926929323967
3,S_C__V_C,4000,400,1750,25,70,82,0.3645886135106036,0.3395419209408893,-0.07779339819845232,0.8448399042476857
3,S_C__V_C,4000,400,2500,25,100,31,0.32466489338324883,0.361352103636319,-0.04358613579061543,1.037850258346066
3,S_C__V_C,4000,400,2800,40,70,102,0.42213673146479413,0.4876768876021176,-0.04132604969711051,0.8653565470800111
3,S_C__V_C,4000,400,4000,40,100,224,0.48211348294751344,0.4731980210450152,-0.05325312645746094,1.0263254190533826
3,S_C__V_D,4000,400,500,10,50,34,0.40854849704928864,0.48682947314761604,-0.18618956245178508,0.9255232310942367
3,S_C__V_D,4000,400,1000,10,100,49,0.5602666672056558,0.49423264622487495,-0.015001933750238505,0.9415609823759097
3,S_C__V_D,4000,400,1250,25,50,82,0.3645886135106036,0.3395419209408893,-0.07779339819845232,0.8448399042476857
3,S_C__V_D,4000,400,2000,40,50,102,0.42213673146479413,0.4876768876021176,-0.04132604969711051,0.8653565470800111
3,S_C__V_D,4000,400,2500,25,100,31,0.32466489338324883,0.361352103636319,-0.04358613579061543,1.037850258346066
3,S_C__V_D,4000,400,4000,40,100,224,0.48211348294751344,0.4731980210450152,-0.05325312645746094,1.0263254190533826
3,S_C__V_E,4000,400,800,10,80,34,0.40854849704928864,0.48682947314761604,-0.18618956245178508,0.9255232310942367
3,S_C__V_E,4000,400,1000,10,100,49,0.5602666672056558,0.49423264622487495,-0.015001933750238505,0.9415609823759097
3,S_C__V_E,4000,400,2000,25,80,82,0.3645886135106036,0.3395419209408893,-0.07779339819845232,0.8448399042476857
3,S_C__V_E,4000,400,2500,25,100,31,0.32466489338324883,0.361352103636319,-0.04358613579061543,1.037850258346066
3,S_C__V_E,4000,400,3200,40,80,102,0.42213673146479413,0.4876768876021176,-0.04132604969711051,0.8653565470800111
3,S_C__V_E,4000,400,4000,40,100,224,0.48211348294751344,0.4731980210450152,-0.05325312645746094,1.0263254190533826
3,S_D__V_A,3000,300,1050,30,35,297,0.16136507479118317,0.04526124180146529,-0.15862755333571443,0.8253604833587151
3,S_D__V_A,3000,300,1500,30,50,295,0.2875072744978674,0.3759471111540136,-0.18636283311014923,0.9594672428431814
3,S_D__V_A,3000,300,2400,30,80,218,0.39837092576584543,0.463989426048965,-0.18618956245178508,0.9255232310942367
3,S_D__V_A,3000,300,3000,30,100,304,0.4786549295006607,0.4690073315075334,-0.05325312645746094,1.037850258346066
3,S_D__V_B,3000,300,1500,30,50,295,0.2875072744978674,0.3759471111540136,-0.18636283311014923,0.9594672428431814
3,S_D__V_B,3000,300,2400,30,80,218,0.39837092576584543,0.463989426048965,-0.18618956245178508,0.9255232310942367
3,S_D__V_B,3000,300,3000,30,100,304,0.4786549295006607,0.4690073315075334,-0.05325312645746094,1.037850258346066
3,S_D__V_C,3000,300,900,30,30,295,0.2875072744978674,0.3759471111540136,-0.18636283311014923,0.9594672428431814
3,S_D__V_C,3000,300,2100,30,70,218,0.39837092576584543,0.463989426048965,-0.18618956245178508,0.9255232310942367
3,S_D__V_C,3000,300,3000,30,100,304,0.4786549295006607,0.4690073315075334,-0.05325312645746094,1.037850258346066
3,S_D__V_D,3000,300,1500,30,50,218,0.39837092576584543,0.463989426048965,-0.18618956245178508,0.9255232310942367
3,S_D__V_D,3000,300,3000,30,100,304,0.4786549295006607,0.4690073315075334,-0.05325312645746094,1.037850258346066
3,S_D__V_E,3000,300,2400,30,80,218,0.39837092576584543,0.463989426048965,-0.18618956245178508,0.9255232310942367
3,S_D__V_E,3000,300,3000,30,100,304,0.4786549295006607,0.4690073315075334,-0.05325312645746094,1.037850258346066
3,S_E__V_A,5000,500,1050,30,35,76,0.11103434745739066,-0.061392988465350185,-0.1155596569990508,0.8253604833587151
3,S_E__V_A,5000,500,1500,30,50,134,0.3440612804339634,0.39124767898977486,-0.08939180070246644,0.841981997508773
3,S_E__V_A,5000,500,1750,50,35,4,0.3941561544388094,0.39721730086149787,0.3666544587213969,0.415535557310845
3,S_E__V_A,5000,500,2400,30,80,82,0.3645886135106036,0.3395419209408893,-0.07779339819845232,0.8448399042476857
3,S_E__V_A,5000,500,2500,50,50,32,0.3624681377779669,0.4359393863356029,-0.0346188948665177,0.5232926929323967
3,S_E__V_A,5000,500,3000,30,100,31,0.32466489338324883,0.361352103636319,-0.04358613579061543,1.037850258346066
3,S_E__V_A,5000,500,4000,50,80,102,0.42213673146479413,0.4876768876021176,-0.04132604969711051,0.8653565470800111
3,S_E__V_A,5000,500,5000,50,100,224,0.48211348294751344,0.4731980210450152,-0.05325312645746094,1.0263254190533826
3,S_E__V_B,5000,500,1500,30,50,134,0.3440612804339634,0.39124767898977486,-0.08939180070246644,0.841981997508773
3,S_E__V_B,5000,500,2400,30,80,82,0.3645886135106036,0.3395419209408893,-0.07779339819845232,0.8448399042476857
3,S_E__V_B,5000,500,2500,50,50,32,0.3624681377779669,0.4359393863356029,-0.0346188948665177,0.5232926929323967
3,S_E__V_B,5000,500,3000,30,100,31,0.32466489338324883,0.361352103636319,-0.04358613579061543,1.037850258346066
3,S_E__V_B,5000,500,4000,50,80,102,0.42213673146479413,0.4876768876021176,-0.04132604969711051,0.8653565470800111
3,S_E__V_B,5000,500,5000,50,100,224,0.48211348294751344,0.4731980210450152,-0.05325312645746094,1.0263254190533826
3,S_E__V_C,5000,500,900,30,30,134,0.3440612804339634,0.39124767898977486,-0.08939180070246644,0.841981997508773
3,S_E__V_C,5000,500,1500,50,30,32,0.3624681377779669,0.4359393863356029,-0.0346188948665177,0.5232926929323967
3,S_E__V_C,5000,500,2100,30,70,82,0.3645886135106036,0.3395419209408893,-0.07779339819845232,0.8448399042476857
3,S_E__V_C,5000,500,3000,30,100,31,0.32466489338324883,0.361352103636319,-0.04358613579061543,1.037850258346066
3,S_E__V_C,5000,500,3500,50,70,102,0.42213673146479413,0.4876768876021176,-0.04132604969711051,0.8653565470800111
3,S_E__V_C,5000,500,5000,50,100,224,0.48211348294751344,0.4731980210450152,-0.05325312645746094,1.0263254190533826
3,S_E__V_D,5000,500,1500,30,50,82,0.3645886135106036,0.3395419209408893,-0.07779339819845232,0.8448399042476857
3,S_E__V_D,5000,500,2500,50,50,102,0.42213673146479413,0.4876768876021176,-0.04132604969711051,0.8653565470800111
3,S_E__V_D,5000,500,3000,30,100,31,0.32466489338324883,0.361352103636319,-0.04358613579061543,1.037850258346066
3,S_E__V_D,5000,500,5000,50,100,224,0.48211348294751344,0.4731980210450152,-0.05325312645746094,1.0263254190533826
3,S_E__V_E,5000,500,2400,30,80,82,0.3645886135106036,0.3395419209408893,-0.07779339819845232,0.8448399042476857
3,S_E__V_E,5000,500,3000,30,100,31,0.32466489338324883,0.361352103636319,-0.04358613579061543,1.037850258346066
3,S_E__V_E,5000,500,4000,50,80,102,0.42213673146479413,0.4876768876021176,-0.04132604969711051,0.8653565470800111
3,S_E__V_E,5000,500,5000,50,100,224,0.48211348294751344,0.4731980210450152,-0.05325312645746094,1.0263254190533826
3,S_F__V_A,100,10,35,1,35,297,0.16136507479118317,0.04526124180146529,-0.15862755333571443,0.8253604833587151
3,S_F__V_A,100,10,50,1,50,295,0.2875072744978674,0.3759471111540136,-0.18636283311014923,0.9594672428431814
3,S_F__V_A,100,10,80,1,80,218,0.39837092576584543,0.463989426048965,-0.18618956245178508,0.9255232310942367
3,S_F__V_A,100,10,100,1,100,304,0.4786549295006607,0.4690073315075334,-0.05325312645746094,1.037850258346066
3,S_F__V_B,100,10,50,1,50,295,0.2875072744978674,0.3759471111540136,-0.18636283311014923,0.9594672428431814
3,S_F__V_B,100,10,80,1,80,218,0.39837092576584543,0.463989426048965,-0.18618956245178508,0.9255232310942367
3,S_F__V_B,100,10,100,1,100,304,0.4786549295006607,0.4690073315075334,-0.05325312645746094,1.037850258346066
3,S_F__V_C,100,10,30,1,30,295,0.2875072744978674,0.3759471111540136,-0.18636283311014923,0.9594672428431814
3,S_F__V_C,100,10,70,1,70,218,0.39837092576584543,0.463989426048965,-0.18618956245178508,0.9255232310942367
3,S_F__V_C,100,10,100,1,100,304,0.4786549295006607,0.4690073315075334,-0.05325312645746094,1.037850258346066
3,S_F__V_D,100,10,50,1,50,218,0.39837092576584543,0.463989426048965,-0.18618956245178508,0.9255232310942367
3,S_F__V_D,100,10,100,1,100,304,0.4786549295006607,0.4690073315075334,-0.05325312645746094,1.037850258346066
3,S_F__V_E,100,10,80,1,80,218,0.39837092576584543,0.463989426048965,-0.18618956245178508,0.9255232310942367
3,S_F__V_E,100,10,100,1,100,304,0.4786549295006607,0.4690073315075334,-0.05325312645746094,1.037850258346066
10,S_A__V_A,10000,1000,1050,30,35,101,0.8355576710761117,0.9111354110163441,-0.22501129444030066,2.7026819012424954
10,S_A__V_A,10000,1000,1500,30,50,122,1.189970134164,1.0246844836559652,-0.22257367673810935,2.874028457870656
10,S_A__V_A,10000,1000,1750,50,35,177,0.48116876031955,0.23985080184577412,0.0020256766401918203,1.8779549719013389
10,S_A__V_A,10000,1000,2400,30,80,41,2.1445433427916445,2.6686696220201194,-0.1614692603124499,2.941735789562806
10,S_A__V_A,10000,1000,2500,50,50,90,0.47931881222556805,0.14582914434265504,-0.08299691749786808,1.904680062309561
10,S_A__V_A,10000,1000,2800,80,35,66,0.30316964136236574,0.08154082463825785,-0.07052479388472743,1.8540693890154114
10,S_A__V_A,10000,1000,3000,30,100,31,2.4595329188206025,2.7318642265438164,1.7108001072011039,2.9254136851200236
10,S_A__V_A,10000,1000,3500,100,35,4,2.0916213752102433,2.080986200812311,2.075780399958066,2.1287326992582853
10,S_A__V_A,10000,1000,4000,50,80,15,1.0310904912279402,1.0386551405862465,-0.1022091390048524,3.037476684769681
10,S_A__V_A,10000,1000,4000,80,50,113,0.8774781761656365,0.6087697840702564,0.055356384120525126,2.0536406705250823
10,S_A__V_A,10000,1000,5000,50,100,23,2.675465765813201,2.8448294332422113,1.1251135623982886,2.9859852994672256
10,S_A__V_A,10000,1000,5000,100,50,32,1.546164111276767,2.0908861269923724,0.028509939183565924,2.3453194491588083
10,S_A__V_A,10000,1000,6400,80,80,58,0.4849262248689663,0.5202423931839987,0.05244795614858777,1.4220677178612813
10,S_A__V_A,10000,1000,8000,80,100,23,0.6951858617521406,0.5768852659770318,0.09413774678991804,1.4617960899660072
10,S_A__V_A,10000,1000,8000,100,80,97,1.1359217135065398,0.8192216492991098,0.025133314465948686,2.404581861312252
10,S_A__V_A,10000,1000,10000,100,100,211,1.7368949348085707,1.9871720278689868,0.11491149621562635,3.1140820485394256
10,S_A__V_B,10000,1000,1500,30,50,122,1.189970134164,1.0246844836559652,-0.22257367673810935,2.874028457870656
10,S_A__V_B,10000,1000,2400,30,80,41,2.1445433427916445,2.6686696220201194,-0.1614692603124499,2.941735789562806
10,S_A__V_B,10000,1000,2500,50,50,90,0.47931881222556805,0.14582914434265504,-0.08299691749786808,1.904680062309561
10,S_A__V_B,10000,1000,3000,30,100,31,2.4595329188206025,2.7318642265438164,1.7108001072011039,2.9254136851200236
10,S_A__V_B,10000,1000,4000,50,80,15,1.0310904912279402,1.0386551405862465,-0.1022091390048524,3.037476684769681
10,S_A__V_B,10000,1000,4000,80,50,113,0.8774781761656365,0.6087697840702564,0.055356384120525126,2.0536406705250823
10,S_A__V_B,10000,1000,5000,50,100,23,2.675465765813201,2.8448294332422113,1.1251135623982886,2.9859852994672256
10,S_A__V_B,10000,1000,5000,100,50,32,1.546164111276767,2.0908861269923724,0.028509939183565924,2.3453194491588083
10,S_A__V_B,10000,1000,6400,80,80,58,0.4849262248689663,0.5202423931839987,0.05244795614858777,1.4220677178612813
10,S_A__V_B,10000,1000,8000,80,100,23,0.6951858617521406,0.5768852659770318,0.09413774678991804,1.4617960899660072
10,S_A__V_B,10000,1000,8000,100,80,97,1.1359217135065398,0.8192216492991098,0.025133314465948686,2.404581861312252
10,S_A__V_B,10000,1000,10000,100,100,211,1.7368949348085707,1.9871720278689868,0.11491149621562635,3.1140820485394256
10,S_A__V_C,10000,1000,1500,50,30,90,0.47931881222556805,0.14582914434265504,-0.08299691749786808,1.904680062309561
10,S_A__V_C,10000,1000,2100,30,70,41,2.1445433427916445,2.6686696220201194,-0.1614692603124499,2.941735789562806
10,S_A__V_C,10000,1000,2400,80,30,113,0.8774781761656365,0.6087697840702564,0.055356384120525126,2.0536406705250823
10,S_A__V_C,10000,1000,3000,30,100,31,2.4595329188206025,2.7318642265438164,1.7108001072011039,2.9254136851200236
10,S_A__V_C,10000,1000,3000,100,30,32,1.546164111276767,2.0908861269923724,0.028509939183565924,2.3453194491588083
10,S_A__V_C,10000,1000,3500,50,70,15,1.0310904912279402,1.0386551405862465,-0.1022091390048524,3.037476684769681
10,S_A__V_C,10000,1000,5000,50,100,23,2.675465765813201,2.8448294332422113,1.1251135623982886,2.9859852994672256
10,S_A__V_C,10000,1000,5600,80,70,58,0.4849262248689663,0.5202423931839987,0.05244795614858777,1.4220677178612813
10,S_A__V_C,10000,1000,7000,100,70,97,1.1359217135065398,0.8192216492991098,0.025133314465948686,2.404581861312252
10,S_A__V_C,10000,1000,8000,80,100,23,0.6951858617521406,0.5768852659770318,0.09413774678991804,1.4617960899660072
10,S_A__V_C,10000,1000,10000,100,100,211,1.7368949348085707,1.9871720278689868,0.11491149621562635,3.1140820485394256
10,S_A__V_D,10000,1000,1500,30,50,41,2.1445433427916445,2.6686696220201194,-0.1614692603124499,2.941735789562806
10,S_A__V_D,10000,1000,2500,50,50,15,1.0310904912279402,1.0386551405862465,-0.1022091390048524,3.037476684769681
10,S_A__V_D,10000,1000,3000,30,100,31,2.4595329188206025,2.7318642265438164,1.7108001072011039,2.9254136851200236
10,S_A__V_D,10000,1000,4000,80,50,58,0.4849262248689663,0.5202423931839987,0.05244795614858777,1.4220677178612813
10,S_A__V_D,10000,1000,5000,50,100,23,2.675465765813201,2.8448294332422113,1.1251135623982886,2.9859852994672256
10,S_A__V_D,10000,1000,5000,100,50,97,1.1359217135065398,0.8192216492991098,0.025133314465948686,2.404581861312252
10,S_A__V_D,10000,1000,8000,80,100,23,0.6951858617521406,0.5768852659770318,0.09413774678991804,1.4617960899660072
10,S_A__V_D,10000,1000,10000,100,100,211,1.7368949348085707,1.9871720278689868,0.11491149621562635,3.1140820485394256
10,S_A__V_E,10000,1000,2400,30,80,41,2.1445433427916445,2.6686696220201194,-0.1614692603124499,2.941735789562806
10,S_A__V_E,10000,1000,3000,30,100,31,2.4595329188206025,2.7318642265438164,1.7108001072011039,2.9254136851200236
10,S_A__V_E,10000,1000,4000,50,80,15,1.0310904912279402,1.0386551405862465,-0.1022091390048524,3.037476684769681
10,S_A__V_E,10000,1000,5000,50,100,23,2.675465765813201,2.8448294332422113,1.1251135623982886,2.9859852994672256
10,S_A__V_E,10000,1000,6400,80,80,58,0.4849262248689663,0.5202423931839987,0.05244795614858777,1.4220677178612813
10,S_A__V_E,10000,1000,8000,80,100,23,0.6951858617521406,0.5768852659770318,0.09413774678991804,1.4617960899660072
10,S_A__V_E,10000,1000,8000,100,80,97,1.1359217135065398,0.8192216492991098,0.025133314465948686,2.404581861312252
10,S_A__V_E,10000,1000,10000,100,100,211,1.7368949348085707,1.9871720278689868,0.11491149621562635,3.1140820485394256
10,S_B__V_A,6000,600,700,20,35,177,0.48116876031955,0.23985080184577412,0.0020256766401918203,1.8779549719013389
10,S_B__V_A,6000,600,1000,20,50,90,0.47931881222556805,0.14582914434265504,-0.08299691749786808,1.904680062309561
10,S_B__V_A,6000,600,1400,40,35,66,0.30316964136236574,0.08154082463825785,-0.07052479388472743,1.8540693890154114
10,S_B__V_A,6000,600,1600,20,80,15,1.0310904912279402,1.0386551405862465,-0.1022091390048524,3.037476684769681
10,S_B__V_A,6000,600,2000,20,100,23,2.675465765813201,2.8448294332422113,1.1251135623982886,2.9859852994672256
10,S_B__V_A,6000,600,2000,40,50,113,0.8774781761656365,0.6087697840702564,0.055356384120525126,2.0536406705250823
10,S_B__V_A,6000,600,2100,60,35,4,2.0916213752102433,2.080986200812311,2.075780399958066,2.1287326992582853
10,S_B__V_A,6000,600,3000,60,50,32,1.546164111276767,2.0908861269923724,0.028509939183565924,2.3453194491588083
10,S_B__V_A,6000,600,3200,40,80,58,0.4849262248689663,0.5202423931839987,0.05244795614858777,1.4220677178612813
10,S_B__V_A,6000,600,4000,40,100,23,0.6951858617521406,0.5768852659770318,0.09413774678991804,1.4617960899660072
10,S_B__V_A,6000,600,4800,60,80,97,1.1359217135065398,0.8192216492991098,0.025133314465948686,2.404581861312252
10,S_B__V_A,6000,600,6000,60,100,211,1.7368949348085707,1.9871720278689868,0.11491149621562635,3.1140820485394256
10,S_B__V_B,6000,600,1000,20,50,90,0.47931881222556805,0.14582914434265504,-0.08299691749786808,1.904680062309561
10,S_B__V_B,6000,600,1600,20,80,15,1.0310904912279402,1.0386551405862465,-0.1022091390048524,3.037476684769681
10,S_B__V_B,6000,600,2000,20,100,23,2.675465765813201,2.8448294332422113,1.1251135623982886,2.9859852994672256
10,S_B__V_B,6000,600,2000,40,50,113,0.8774781761656365,0.6087697840702564,0.055356384120525126,2.0536406705250823
10,S_B__V_B,6000,600,3000,60,50,32,1.546164111276767,2.0908861269923724,0.028509939183565924,2.3453194491588083
10,S_B__V_B,6000,600,3200,40,80,58,0.4849262248689663,0.5202423931839987,0.05244795614858777,1.4220677178612813
10,S_B__V_B,6000,600,4000,40,100,23,0.6951858617521406,0.5768852659770318,0.09413774678991804,1.4617960899660072
10,S_B__V_B,6000,600,4800,60,80,97,1.1359217135065398,0.8192216492991098,0.025133314465948686,2.404581861312252
10,S_B__V_B,6000,600,6000,60,100,211,1.7368949348085707,1.9871720278689868,0.11491149621562635,3.1140820485394256
10,S_B__V_C,6000,600,600,20,30,90,0.47931881222556805,0.14582914434265504,-0.08299691749786808,1.904680062309561
10,S_B__V_C,6000,600,1200,40,30,113,0.8774781761656365,0.6087697840702564,0.055356384120525126,2.0536406705250823
10,S_B__V_C,6000,600,1400,20,70,15,1.0310904912279402,1.0386551405862465,-0.1022091390048524,3.037476684769681
10,S_B__V_C,6000,600,1800,60,30,32,1.546164111276767,2.0908861269923724,0.028509939183565924,2.3453194491588083
10,S_B__V_C,6000,600,2000,20,100,23,2.675465765813201,2.8448294332422113,1.1251135623982886,2.9859852994672256
10,S_B__V_C,6000,600,2800,40,70,58,0.4849262248689663,0.5202423931839987,0.05244795614858777,1.4220677178612813
10,S_B__V_C,6000,600,4000,40,100,23,0.6951858617521406,0.5768852659770318,0.09413774678991804,1.4617960899660072
10,S_B__V_C,6000,600,4200,60,70,97,1.1359217135065398,0.8192216492991098,0.025133314465948686,2.404581861312252
10,S_B__V_C,6000,600,6000,60,100,211,1.7368949348085707,1.9871720278689868,0.11491149621562635,3.1140820485394256
10,S_B__V_D,6000,600,1000,20,50,15,1.0310904912279402,1.0386551405862465,-0.1022091390048524,3.037476684769681
10,S_B__V_D,6000,600,2000,20,100,23,2.675465765813201,2.8448294332422113,1.1251135623982886,2.9859852994672256
10,S_B__V_D,6000,600,2000,40,50,58,0.4849262248689663,0.5202423931839987,0.05244795614858777,1.4220677178612813
10,S_B__V_D,6000,600,3000,60,50,97,1.1359217135065398,0.8192216492991098,0.025133314465948686,2.404581861312252
10,S_B__V_D,6000,600,4000,40,100,23,0.6951858617521406,0.5768852659770318,0.09413774678991804,1.4617960899660072
10,S_B__V_D,6000,600,6000,60,100,211,1.7368949348085707,1.9871720278689868,0.11491149621562635,3.1140820485394256
10,S_B__V_E,6000,600,1600,20,80,15,1.0310904912279402,1.0386551405862465,-0.1022091390048524,3.037476684769681
10,S_B__V_E,6000,600,2000,20,100,23,2.675465765813201,2.8448294332422113,1.1251135623982886,2.9859852994672256
10,S_B__V_E,6000,600,3200,40,80,58,0.4849262248689663,0.5202423931839987,0.05244795614858777,1.4220677178612813
10,S_B__V_E,6000,600,4000,40,100,23,0.6951858617521406,0.5768852659770318,0.09413774678991804,1.4617960899660072
10,S_B__V_E,6000,600,4800,60,80,97,1.1359217135065398,0.8192216492991098,0.025133314465948686,2.404581861312252
10,S_B__V_E,6000,600,6000,60,100,211,1.7368949348085707,1.9871720278689868,0.11491149621562635,3.1140820485394256
10,S_C__V_A,4000,400,500,10,50,90,0.47931881222556805,0.14582914434265504,-0.08299691749786808,1.904680062309561
10,S_C__V_A,4000,400,800,10,80,15,1.0310904912279402,1.0386551405862465,-0.1022091390048524,3.037476684769681
10,S_C__V_A,4000,400,875,25,35,66,0.30316964136236574,0.08154082463825785,-0.07052479388472743,1.8540693890154114
10,S_C__V_A,4000,400,1000,10,100,23,2.675465765813201,2.8448294332422113,1.1251135623982886,2.9859852994672256
10,S_C__V_A,4000,400,1250,25,50,113,0.8774781761656365,0.6087697840702564,0.055356384120525126,2.0536406705250823
10,S_C__V_A,4000,400,1400,40,35,4,2.0916213752102433,2.080986200812311,2.075780399958066,2.1287326992582853
10,S_C__V_A,4000,400,2000,25,80,58,0.4849262248689663,0.5202423931839987,0.05244795614858777,1.4220677178612813
10,S_C__V_A,4000,400,2000,40,50,32,1.546164111276767,2.0908861269923724,0.028509939183565924,2.3453194491588083
10,S_C__V_A,4000,400,2500,25,100,23,0.6951858617521406,0.5768852659770318,0.09413774678991804,1.4617960899660072
10,S_C__V_A,4000,400,3200,40,80,97,1.1359217135065398,0.8192216492991098,0.025133314465948686,2.404581861312252
10,S_C__V_A,4000,400,4000,40,100,211,1.7368949348085707,1.9871720278689868,0.11491149621562635,3.1140820485394256
10,S_C__V_B,4000,400,500,10,50,90,0.47931881222556805,0.14582914434265504,-0.08299691749786808,1.904680062309561
10,S_C__V_B,4000,400,800,10,80,15,1.0310904912279402,1.0386551405862465,-0.1022091390048524,3.037476684769681
10,S_C__V_B,4000,400,1000,10,100,23,2.675465765813201,2.8448294332422113,1.1251135623982886,2.9859852994672256
10,S_C__V_B,4000,400,1250,25,50,113,0.8774781761656365,0.6087697840702564,0.055356384120525126,2.0536406705250823
10,S_C__V_B,4000,400,2000,25,80,58,0.4849262248689663,0.5202423931839987,0.05244795614858777,1.4220677178612813
10,S_C__V_B,4000,400,2000,40,50,32,1.546164111276767,2.0908861269923724,0.028509939183565924,2.3453194491588083
10,S_C__V_B,4000,400,2500,25,100,23,0.6951858617521406,0.5768852659770318,0.09413774678991804,1.4617960899660072
10,S_C__V_B,4000,400,3200,40,80,97,1.1359217135065398,0.8192216492991098,0.025133314465948686,2.404581861312252
10,S_C__V_B,4000,400,4000,40,100,211,1.7368949348085707,1.9871720278689868,0.11491149621562635,3.1140820485394256
10,S_C__V_C,4000,400,700,10,70,15,1.0310904912279402,1.0386551405862465,-0.1022091390048524,3.037476684769681
10,S_C__V_C,4000,400,750,25,30,113,0.8774781761656365,0.6087697840702564,0.055356384120525126,2.0536406705250823
10,S_C__V_C,4000,400,1000,10,100,23,2.675465765813201,2.8448294332422113,1.1251135623982886,2.9859852994672256
10,S_C__V_C,4000,400,1200,40,30,32,1.546164111276767,2.0908861269923724,0.028509939183565924,2.3453194491588083
10,S_C__V_C,4000,400,1750,25,70,58,0.4849262248689663,0.5202423931839987,0.05244795614858777,1.4220677178612813
10,S_C__V_C,4000,400,2500,25,100,23,0.6951858617521406,0.5768852659770318,0.09413774678991804,1.4617960899660072
10,S_C__V_C,4000,400,2800,40,70,97,1.1359217135065398,0.8192216492991098,0.025133314465948686,2.404581861312252
10,S_C__V_C,4000,400,4000,40,100,211,1.7368949348085707,1.9871720278689868,0.11491149621562635,3.1140820485394256
10,S_C__V_D,4000,400,500,10,50,15,1.0310904912279402,1.0386551405862465,-0.1022091390048524,3.037476684769681
10,S_C__V_D,4000,400,1000,10,100,23,2.675465765813201,2.8448294332422113,1.1251135623982886,2.9859852994672256
10,S_C__V_D,4000,400,1250,25,50,58,0.4849262248689663,0.5202423931839987,0.05244795614858777,1.4220677178612813
10,S_C__V_D,4000,400,2000,40,50,97,1.1359217135065398,0.8192216492991098,0.025133314465948686,2.404581861312252
10,S_C__V_D,4000,400,2500,25,100,23,0.6951858617521406,0.5768852659770318,0.09413774678991804,1.4617960899660072
10,S_C__V_D,4000,400,4000,40,100,211,1.7368949348085707,1.9871720278689868,0.11491149621562635,3.1140820485394256
10,S_C__V_E,4000,400,800,10,80,15,1.0310904912279402,1.0386551405862465,-0.1022091390048524,3.037476684769681
10,S_C__V_E,4000,400,1000,10,100,23,2.675465765813201,2.8448294332422113,1.1251135623982886,2.9859852994672256
10,S_C__V_E,4000,400,2000,25,80,58,0.4849262248689663,0.5202423931839987,0.05244795614858777,1.4220677178612813
10,S_C__V_E,4000,400,2500,25,100,23,0.6951858617521406,0.5768852659770318,0.09413774678991804,1.4617960899660072
10,S_C__V_E,4000,400,3200,40,80,97,1.1359217135065398,0.8192216492991098,0.025133314465948686,2.404581861312252
10,S_C__V_E,4000,400,4000,40,100,211,1.7368949348085707,1.9871720278689868,0.11491149621562635,3.1140820485394256
10,S_D__V_A,3000,300,1050,30,35,247,0.4596864469931881,0.2196977433769003,-0.07052479388472743,2.1287326992582853
10,S_D__V_A,3000,300,1500,30,50,235,0.8160467173101047,0.5985524230643922,-0.08299691749786808,2.3453194491588083
10,S_D__V_A,3000,300,2400,30,80,170,0.9045675565938441,0.7369442111068736,-0.1022091390048524,3.037476684769681
10,S_D__V_A,3000,300,3000,30,100,257,1.72766466411911,1.9689675344403366,0.09413774678991804,3.1140820485394256
10,S_D__V_B,3000,300,1500,30,50,235,0.8160467173101047,0.5985524230643922,-0.08299691749786808,2.3453194491588083
10,S_D__V_B,3000,300,2400,30,80,170,0.9045675565938441,0.7369442111068736,-0.1022091390048524,3.037476684769681
10,S_D__V_B,3000,300,3000,30,100,257,1.72766466411911,1.9689675344403366,0.09413774678991804,3.1140820485394256
10,S_D__V_C,3000,300,900,30,30,235,0.8160467173101047,0.5985524230643922,-0.08299691749786808,2.3453194491588083
10,S_D__V_C,3000,300,2100,30,70,170,0.9045675565938441,0.7369442111068736,-0.1022091390048524,3.037476684769681
10,S_D__V_C,3000,300,3000,30,100,257,1.72766466411911,1.9689675344403366,0.09413774678991804,3.1140820485394256
10,S_D__V_D,3000,300,1500,30,50,170,0.9045675565938441,0.7369442111068736,-0.1022091390048524,3.037476684769681
10,S_D__V_D,3000,300,3000,30,100,257,1.72766466411911,1.9689675344403366,0.09413774678991804,3.1140820485394256
10,S_D__V_E,3000,300,2400,30,80,170,0.9045675565938441,0.7369442111068736,-0.1022091390048524,3.037476684769681
10,S_D__V_E,3000,300,3000,30,100,257,1.72766466411911,1.9689675344403366,0.09413774678991804,3.1140820485394256
10,S_E__V_A,5000,500,1050,30,35,66,0.30316964136236574,0.08154082463825785,-0.07052479388472743,1.8540693890154114
10,S_E__V_A,5000,500,1500,30,50,113,0.8774781761656365,0.6087697840702564,0.055356384120525126,2.0536406705250823
10,S_E__V_A,5000,500,1750,50,35,4,2.0916213752102433,2.080986200812311,2.075780399958066,2.1287326992582853
10,S_E__V_A,5000,500,2400,30,80,58,0.4849262248689663,0.5202423931839987,0.05244795614858777,1.4220677178612813
10,S_E__V_A,5000,500,2500,50,50,32,1.546164111276767,2.0908861269923724,0.028509939183565924,2.3453194491588083
10,S_E__V_A,5000,500,3000,30,100,23,0.6951858617521406,0.5768852659770318,0.09413774678991804,1.4617960899660072
10,S_E__V_A,5000,500,4000,50,80,97,1.1359217135065398,0.8192216492991098,0.025133314465948686,2.404581861312252
10,S_E__V_A,5000,500,5000,50,100,211,1.7368949348085707,1.9871720278689868,0.11491149621562635,3.1140820485394256
10,S_E__V_B,5000,500,1500,30,50,113,0.8774781761656365,0.6087697840702564,0.055356384120525126,2.0536406705250823
10,S_E__V_B,5000,500,2400,30,80,58,0.4849262248689663,0.5202423931839987,0.05244795614858777,1.4220677178612813
10,S_E__V_B,5000,500,2500,50,50,32,1.546164111276767,2.0908861269923724,0.028509939183565924,2.3453194491588083
10,S_E__V_B,5000,500,3000,30,100,23,0.6951858617521406,0.5768852659770318,0.09413774678991804,1.4617960899660072
10,S_E__V_B,5000,500,4000,50,80,97,1.1359217135065398,0.8192216492991098,0.025133314465948686,2.404581861312252
10,S_E__V_B,5000,500,5000,50,100,211,1.7368949348085707,1.9871720278689868,0.11491149621562635,3.1140820485394256
10,S_E__V_C,5000,500,900,30,30,113,0.8774781761656365,0.6087697840702564,0.055356384120525126,2.0536406705250823
10,S_E__V_C,5000,500,1500,50,30,32,1.546164111276767,2.0908861269923724,0.028509939183565924,2.3453194491588083
10,S_E__V_C,5000,500,2100,30,70,58,0.4849262248689663,0.5202423931839987,0.05244795614858777,1.4220677178612813
10,S_E__V_C,5000,500,3000,30,100,23,0.6951858617521406,0.5768852659770318,0.09413774678991804,1.4617960899660072
10,S_E__V_C,5000,500,3500,50,70,97,1.1359217135065398,0.8192216492991098,0.025133314465948686,2.404581861312252
10,S_E__V_C,5000,500,5000,50,100,211,1.7368949348085707,1.9871720278689868,0.11491149621562635,3.1140820485394256
10,S_E__V_D,5000,500,1500,30,50,58,0.4849262248689663,0.5202423931839987,0.05244795614858777,1.4220677178612813
10,S_E__V_D,5000,500,2500,50,50,97,1.1359217135065398,0.8192216492991098,0.025133314465948686,2.404581861312252
10,S_E__V_D,5000,500,3000,30,100,23,0.6951858617521406,0.5768852659770318,0.09413774678991804,1.4617960899660072
10,S_E__V_D,5000,500,5000,50,100,211,1.7368949348085707,1.9871720278689868,0.11491149621562635,3.1140820485394256
10,S_E__V_E,5000,500,2400,30,80,58,0.4849262248689663,0.5202423931839987,0.05244795614858777,1.4220677178612813
10,S_E__V_E,5000,500,3000,30,100,23,0.6951858617521406,0.5768852659770318,0.09413774678991804,1.4617960899660072
10,S_E__V_E,5000,500,4000,50,80,97,1.1359217135065398,0.8192216492991098,0.025133314465948686,2.404581861312252
10,S_E__V_E,5000,500,5000,50,100,211,1.7368949348085707,1.9871720278689868,0.11491149621562635,3.1140820485394256
10,S_F__V_A,100,10,35,1,35,247,0.4596864469931881,0.2196977433769003,-0.07052479388472743,2.1287326992582853
10,S_F__V_A,100,10,50,1,50,235,0.8160467173101047,0.5985524230643922,-0.08299691749786808,2.3453194491588083
10,S_F__V_A,100,10,80,1,80,170,0.9045675565938441,0.7369442111068736,-0.1022091390048524,3.037476684769681
10,S_F__V_A,100,10,100,1,100,257,1.72766466411911,1.9689675344403366,0.09413774678991804,3.1140820485394256
10,S_F__V_B,100,10,50,1,50,235,0.8160467173101047,0.5985524230643922,-0.08299691749786808,2.3453194491588083
10,S_F__V_B,100,10,80,1,80,170,0.9045675565938441,0.7369442111068736,-0.1022091390048524,3.037476684769681
10,S_F__V_B,100,10,100,1,100,257,1.72766466411911,1.9689675344403366,0.09413774678991804,3.1140820485394256
10,S_F__V_C,100,10,30,1,30,235,0.8160467173101047,0.5985524230643922,-0.08299691749786808,2.3453194491588083
10,S_F__V_C,100,10,70,1,70,170,0.9045675565938441,0.7369442111068736,-0.1022091390048524,3.037476684769681
10,S_F__V_C,100,10,100,1,100,257,1.72766466411911,1.9689675344403366,0.09413774678991804,3.1140820485394256
10,S_F__V_D,100,10,50,1,50,170,0.9045675565938441,0.7369442111068736,-0.1022091390048524,3.037476684769681
10,S_F__V_D,100,10,100,1,100,257,1.72766466411911,1.9689675344403366,0.09413774678991804,3.1140820485394256
10,S_F__V_E,100,10,80,1,80,170,0.9045675565938441,0.7369442111068736,-0.1022091390048524,3.037476684769681
10,S_F__V_E,100,10,100,1,100,257,1.72766466411911,1.9689675344403366,0.09413774678991804,3.1140820485394256
