initial_ratio,amounts,ratios,avg_return_pct,median_return_pct,min_return_pct,max_return_pct,avg_cagr_pct,avg_max_drawdown_pct,worst_drawdown_pct,avg_unused_cash,avg_trigger_count
0.0,"(200, 200, 200, 200, 200)","(0.3, 0.3, 0.3, 0.3, 0.3)",321.4318833809663,218.17398902077014,-56.9368981053884,1333.989577079193,11.534452821217789,52.61611116635291,79.4122479034186,384615.3846153846,4.8076923076923075
0.2,"(200, 200, 200, 200, 200)","(0.3, 0.3, 0.3, 0.3, 0.3)",319.47560374794915,185.40770619935583,-58.68456935816311,1206.4095645062912,11.414315623797933,52.333310118968775,80.84348257224487,0.0,4.8076923076923075
0.0,"(200, 200, 200, 200, 200)","(0.5, 0.3, 0.3, 0.3, 0.3)",317.4165829728435,219.9188014672028,-56.68280878788693,1311.8822375369264,11.546156064857428,52.14010857117424,78.90010043879202,384615.3846153846,4.8076923076923075
0.2,"(200, 200, 200, 200, 200)","(0.5, 0.3, 0.3, 0.3, 0.3)",315.4603033398263,187.15251864578846,-58.43048004066163,1184.3022249640244,11.435006694719211,51.814956043322795,80.43502972274106,0.0,4.8076923076923075
0.0,"(200, 200, 200, 200, 200)","(0.7, 0.3, 0.3, 0.3, 0.3)",313.40128256472065,221.6636139136354,-56.42871947038546,1289.7748979946596,11.55284139445247,51.668513963931815,78.37573351855802,384615.3846153846,4.8076923076923075
0.0,"(200, 200, 200, 200, 200)","(0.5, 0.5, 0.3, 0.3, 0.3)",313.328680122454,220.45310762902534,-56.429769074281666,1289.7748979946596,11.551375932902348,51.649237806863766,78.37573351855802,384615.3846153846,4.8076923076923075
0.0,"(200, 200, 200, 200, 200)","(0.5, 0.5, 0.5, 0.3, 0.3)",311.81697592652705,220.98741379084794,-56.2392118045699,1267.667558452393,11.618160757091358,51.21018023624217,77.87827346628788,384615.3846153846,4.8076923076923075
0.2,"(200, 200, 200, 200, 200)","(0.7, 0.3, 0.3, 0.3, 0.3)",311.44500293170347,188.89733109222107,-58.17639072316017,1162.1948854217576,11.451154414686176,51.29855427839095,80.01722130088082,0.0,4.8076923076923075
0.2,"(200, 200, 200, 200, 200)","(0.5, 0.5, 0.3, 0.3, 0.3)",311.37240048943676,187.68682480761106,-58.17744032705636,1162.1948854217576,11.449232089519235,51.280479730353356,80.02201457877305,0.0,4.8076923076923075
0.0,"(200, 200, 200, 200, 200)","(0.5, 0.5, 0.5, 0.5, 0.3)",310.4355798064277,221.87215550009557,-54.957091846337235,1245.5602189101264,11.695247590435836,50.74277278735786,77.11909388075932,384615.3846153846,4.8076923076923075
0.0,"(200, 200, 200, 200, 200)","(0.5, 0.5, 0.5, 0.5, 0.5)",309.9883996451392,222.3190183054847,-53.28026860543784,1223.4528793678599,11.794940610053873,50.33709422303952,76.15639941933385,384615.3846153846,4.8076923076923075
0.2,"(200, 200, 200, 200, 200)","(0.5, 0.5, 0.5, 0.3, 0.3)",309.8606962935098,188.22113096943366,-57.986883057344585,1140.087545879491,11.519352850485406,50.82587480842396,79.5626296118047,0.0,4.8076923076923075
0.0,"(200, 200, 200, 200, 200)","(0.7, 0.5, 0.3, 0.3, 0.3)",309.3133797143312,222.19792007545797,-56.1756797567802,1267.667558452393,11.553027803227438,51.17658086850221,77.87827346628788,384615.3846153846,4.8076923076923075
0.2,"(200, 200, 200, 200, 200)","(0.5, 0.5, 0.5, 0.5, 0.3)",308.47930017341054,189.10587267868124,-56.70476309911193,1117.9802063372244,11.600107538055974,50.35710729077356,78.82501873707307,0.0,4.8076923076923075
0.2,"(200, 200, 200, 200, 200)","(0.5, 0.5, 0.5, 0.5, 0.5)",308.47930017341054,189.10587267868124,-56.70476309911193,1117.9802063372244,11.600107538055974,50.35710729077356,78.82501873707307,0.0,4.8076923076923075
0.0,"(200, 200, 200, 200, 200)","(0.7, 0.5, 0.5, 0.3, 0.3)",307.8016755184041,222.7322262372806,-55.98512248706843,1245.5602189101264,11.616619653183013,50.735913149645924,77.3656948293953,384615.3846153846,4.8076923076923075
0.2,"(200, 200, 200, 200, 200)","(0.7, 0.5, 0.3, 0.3, 0.3)",307.35710008131394,189.4316372540437,-57.92335100955489,1140.087545879491,11.460869136993137,50.772417792870215,79.59465710418581,0.0,4.8076923076923075
0.0,"(200, 200, 200, 200, 200)","(0.7, 0.5, 0.5, 0.5, 0.3)",306.4202793983049,223.61696794652823,-54.703002528835775,1223.4528793678599,11.690555012770696,50.26535210977791,76.59497891973874,384615.3846153846,4.8076923076923075
0.0,"(200, 200, 200, 200, 200)","(0.7, 0.5, 0.5, 0.5, 0.5)",305.9730992370164,224.06383075191735,-53.02617928793637,1201.3455398255933,11.787878552951602,49.85969700540631,75.61765556739607,384615.3846153846,4.8076923076923075
0.2,"(200, 200, 200, 200, 200)","(0.7, 0.5, 0.5, 0.3, 0.3)",305.84539588538695,189.96594341586626,-57.732793739843125,1117.9802063372244,11.527882779916306,50.325324859019105,79.1235846206768,0.0,4.8076923076923075
0.0,"(200, 200, 200, 200, 200)","(0.7, 0.7, 0.3, 0.3, 0.3)",305.22547686394165,222.7322262372806,-55.92264004317492,1245.5602189101264,11.548063389097024,50.67554895286849,77.3656948293953,384615.3846153846,4.8076923076923075
0.4,"(200, 200, 200, 200, 200)","(0.3, 0.3, 0.3, 0.3, 0.3)",304.9947935730485,156.19503784265677,-60.1505852214214,1078.829551933389,11.04930563705362,52.119355094434255,82.31465611070487,0.0,4.8076923076923075
0.2,"(200, 200, 200, 200, 200)","(0.7, 0.5, 0.5, 0.5, 0.3)",304.46399976528767,190.93357248595066,-56.45067378161046,1095.8728667949579,11.60556080481259,49.86256474853501,78.37730423779078,0.0,4.8076923076923075
0.2,"(200, 200, 200, 200, 200)","(0.7, 0.5, 0.5, 0.5, 0.5)",304.46399976528767,190.93357248595066,-56.45067378161046,1095.8728667949579,11.60556080481259,49.86256474853501,78.37730423779078,0.0,4.8076923076923075
0.0,"(200, 200, 200, 200, 200)","(0.7, 0.7, 0.5, 0.3, 0.3)",303.71377266801466,223.2665323991032,-55.732082773463155,1223.4528793678599,11.608461868183586,50.231483164410925,76.83729775715638,384615.3846153846,4.8076923076923075
0.2,"(200, 200, 200, 200, 200)","(0.7, 0.7, 0.3, 0.3, 0.3)",303.26919723092436,189.96594341586626,-57.67031129594962,1117.9802063372244,11.466003847347203,50.25165502543546,79.16234309031215,0.0,4.8076923076923075
0.0,"(200, 200, 200, 200, 200)","(0.7, 0.7, 0.5, 0.5, 0.3)",302.3323765479154,224.1512741083508,-54.44996281523051,1201.3455398255933,11.679241173603957,49.75756773577213,76.05468950658877,384615.3846153846,4.8076923076923075
0.0,"(200, 200, 200, 200, 200)","(0.7, 0.7, 0.7, 0.3, 0.3)",302.2020684720877,223.8008385609258,-55.54152550375137,1201.3455398255933,11.665827127046121,49.787817279937414,76.29233852639136,384615.3846153846,4.8076923076923075
0.0,"(200, 200, 200, 200, 200)","(0.7, 0.7, 0.5, 0.5, 0.5)",301.8851963866269,224.59813691373995,-52.7731395743311,1179.2382002833265,11.774220122460546,49.352807585237656,75.06228580837453,384615.3846153846,4.8076923076923075
0.2,"(200, 200, 200, 200, 200)","(0.7, 0.7, 0.5, 0.3, 0.3)",301.7574930349974,190.57254520046664,-57.47975402623784,1095.8728667949579,11.529923526192423,49.817412464942066,78.67931963950998,0.0,4.8076923076923075
0.4,"(200, 200, 200, 200, 200)","(0.5, 0.3, 0.3, 0.3, 0.3)",300.9794931649256,158.0616682589816,-59.89649590391992,1056.7222123911226,11.071368386339957,51.62633667349841,81.93475668074103,0.0,4.8076923076923075
0.0,"(200, 200, 200, 200, 200)","(0.7, 0.7, 0.7, 0.5, 0.3)",300.82067235198843,224.6855802701734,-54.25940554551873,1179.2382002833265,11.733648018117398,49.31424771138843,75.49746517956308,384615.3846153846,4.8076923076923075
0.2,"(200, 200, 200, 200, 200)","(0.7, 0.7, 0.5, 0.5, 0.3)",300.3760969148982,191.64260499758092,-56.1976340680052,1073.7655272526913,11.60453503426541,49.352221636720856,77.92430163603423,0.0,4.8076923076923075
0.2,"(200, 200, 200, 200, 200)","(0.7, 0.7, 0.5, 0.5, 0.5)",300.3760969148982,191.64260499758092,-56.1976340680052,1073.7655272526913,11.60453503426541,49.352221636720856,77.92430163603423,0.0,4.8076923076923075
0.0,"(200, 200, 200, 200, 200)","(0.7, 0.7, 0.7, 0.5, 0.5)",300.37349219069995,225.13244307556255,-52.58258230461934,1157.1308607410601,11.825895461725889,48.911265599880714,74.48950845481322,384615.3846153846,4.8076923076923075
0.2,"(200, 200, 200, 200, 200)","(0.7, 0.7, 0.7, 0.3, 0.3)",300.2457888390705,191.28157771209686,-57.28919675652608,1073.7655272526913,11.59071210066605,49.38674809619563,78.18169804105825,0.0,4.8076923076923075
0.0,"(200, 200, 200, 200, 200)","(0.7, 0.7, 0.7, 0.7, 0.3)",299.43927623188915,225.570321979421,-52.97728558728607,1157.1308607410601,11.798303605822527,48.841058820762555,74.7025918327348,384615.3846153846,4.8076923076923075
0.0,"(200, 200, 200, 200, 200)","(0.7, 0.7, 0.7, 0.7, 0.5)",298.9920960706007,226.01718478481018,-51.30046234638669,1135.0235211987933,11.88755493382833,48.44109622320782,73.69463510798494,384615.3846153846,4.8076923076923075
0.2,"(200, 200, 200, 200, 200)","(0.7, 0.7, 0.7, 0.5, 0.3)",298.8643927189712,192.35163750921117,-56.00707679829342,1051.6581877104247,11.662260225402743,48.92381544273415,77.41527079412393,0.0,4.8076923076923075
0.2,"(200, 200, 200, 200, 200)","(0.7, 0.7, 0.7, 0.5, 0.5)",298.8643927189712,192.35163750921117,-56.00707679829342,1051.6581877104247,11.662260225402743,48.92381544273415,77.41527079412393,0.0,4.8076923076923075
0.0,"(200, 200, 200, 200, 200)","(0.7, 0.7, 0.7, 0.7, 0.7)",298.54491590931224,226.4640475901993,-49.62363910548729,1112.9161816565268,11.973619614835028,48.04515843828601,72.68667838323508,384615.3846153846,4.8076923076923075
0.2,"(200, 200, 200, 200, 200)","(0.7, 0.7, 0.7, 0.7, 0.3)",297.482996598872,193.42169730632554,-54.724956840060756,1029.5508481681582,11.73051690305519,48.46479040117394,76.64884354718961,0.0,4.8076923076923075
0.2,"(200, 200, 200, 200, 200)","(0.7, 0.7, 0.7, 0.7, 0.5)",297.482996598872,193.42169730632554,-54.724956840060756,1029.5508481681582,11.73051690305519,48.46479040117394,76.64884354718961,0.0,4.8076923076923075
0.2,"(200, 200, 200, 200, 200)","(0.7, 0.7, 0.7, 0.7, 0.7)",297.482996598872,193.42169730632554,-54.724956840060756,1029.5508481681582,11.73051690305519,48.46479040117394,76.64884354718961,0.0,4.8076923076923075
0.4,"(200, 200, 200, 200, 200)","(0.7, 0.3, 0.3, 0.3, 0.3)",296.9641927568028,159.92829867530645,-59.64240658641845,1034.6148728488558,11.088891923374442,51.13674987736938,81.55418883700149,0.0,4.8076923076923075
0.4,"(200, 200, 200, 200, 200)","(0.5, 0.5, 0.3, 0.3, 0.3)",296.89159031453613,158.77070077061182,-59.64345619031466,1034.6148728488558,11.086569544625222,51.144793758156695,81.55848497661198,0.0,4.8076923076923075
0.4,"(200, 200, 200, 200, 200)","(0.5, 0.5, 0.5, 0.3, 0.3)",295.3798861186092,160.6216834584704,-59.45289892060289,1012.5075333065892,11.157422698988295,50.709799115999054,81.1436318673528,0.0,4.8076923076923075
0.4,"(200, 200, 200, 200, 200)","(0.5, 0.5, 0.5, 0.5, 0.3)",295.3798861186092,160.6216834584704,-59.45289892060289,1012.5075333065892,11.157422698988295,50.709799115999054,81.1436318673528,0.0,4.8076923076923075
0.4,"(200, 200, 200, 200, 200)","(0.5, 0.5, 0.5, 0.5, 0.5)",295.3798861186092,160.6216834584704,-59.45289892060289,1012.5075333065892,11.157422698988295,50.709799115999054,81.1436318673528,0.0,4.8076923076923075
0.4,"(200, 200, 200, 200, 200)","(0.7, 0.5, 0.3, 0.3, 0.3)",292.87628990641326,160.66479583978406,-59.389366872813184,1012.5075333065892,11.099593005969048,50.65257247032477,81.16965878587459,0.0,4.8076923076923075
0.6,"(200, 200, 200, 200, 200)","(0.3, 0.3, 0.3, 0.3, 0.3)",291.39418918531044,138.81485525138373,-58.62909759046977,989.3542318601407,10.800281917479092,51.686033446669285,79.55617338019373,0.0,4.8076923076923075
0.4,"(200, 200, 200, 200, 200)","(0.7, 0.5, 0.5, 0.3, 0.3)",291.3645857104863,163.84852113077017,-59.198809603101424,990.4001937643226,11.167254915111736,50.21751416662944,80.74475249081743,0.0,4.8076923076923075
0.4,"(200, 200, 200, 200, 200)","(0.7, 0.5, 0.5, 0.5, 0.3)",291.3645857104863,163.84852113077017,-59.198809603101424,990.4001937643226,11.167254915111736,50.21751416662944,80.74475249081743,0.0,4.8076923076923075
0.4,"(200, 200, 200, 200, 200)","(0.7, 0.5, 0.5, 0.5, 0.5)",291.3645857104863,163.84852113077017,-59.198809603101424,990.4001937643226,11.167254915111736,50.21751416662944,80.74475249081743,0.0,4.8076923076923075
0.2,"(100, 100, 200, 200, 300)","(0.3, 0.3, 0.3, 0.3, 0.3)",289.446555009551,199.59803087421207,-55.00416524795462,1206.4095645062912,11.021614361338653,51.050047682576185,75.81032431913683,384615.3846153846,4.8076923076923075
0.4,"(200, 200, 200, 200, 200)","(0.7, 0.7, 0.3, 0.3, 0.3)",288.7883870560238,163.84852113077017,-59.136327159207916,990.4001937643226,11.105721422589996,50.16363478757858,80.77671055876209,0.0,4.8076923076923075
0.4,"(100, 100, 200, 200, 300)","(0.3, 0.3, 0.3, 0.3, 0.3)",287.4902753765338,167.46938936619034,-56.751836500729304,1078.829551933389,10.924405604149246,50.865343308839826,77.93614082921769,0.0,4.8076923076923075
0.2,"(100, 100, 200, 200, 300)","(0.5, 0.3, 0.3, 0.3, 0.3)",287.4389048054896,200.47043709742843,-54.87712058920386,1195.3558947351578,11.020916464226179,50.80043841954356,75.54237277790466,384615.3846153846,4.8076923076923075
0.6,"(200, 200, 200, 200, 200)","(0.5, 0.3, 0.3, 0.3, 0.3)",287.37888877718757,144.52737285268802,-58.37500827296829,942.3021055998257,10.82102859946381,51.19748723820422,79.11179434006961,0.0,4.8076923076923075
0.4,"(200, 200, 200, 200, 200)","(0.7, 0.7, 0.5, 0.3, 0.3)",287.2766828600968,168.68345092061065,-58.945769889496155,968.292854222056,11.17020329353003,49.7270477812675,80.3415416411673,0.0,4.8076923076923075
0.4,"(200, 200, 200, 200, 200)","(0.7, 0.7, 0.5, 0.5, 0.3)",287.2766828600968,168.68345092061065,-58.945769889496155,968.292854222056,11.17020329353003,49.7270477812675,80.3415416411673,0.0,4.8076923076923075
0.4,"(200, 200, 200, 200, 200)","(0.7, 0.7, 0.5, 0.5, 0.5)",287.2766828600968,168.68345092061065,-58.945769889496155,968.292854222056,11.17020329353003,49.7270477812675,80.3415416411673,0.0,4.8076923076923075
0.4,"(200, 200, 200, 200, 200)","(0.7, 0.7, 0.7, 0.3, 0.3)",285.76497866416986,174.13144086652423,-58.75521261978438,946.1855146797893,11.231354113804562,49.29099804280766,79.89391323817516,0.0,4.8076923076923075
0.4,"(200, 200, 200, 200, 200)","(0.7, 0.7, 0.7, 0.5, 0.3)",285.76497866416986,174.13144086652423,-58.75521261978438,946.1855146797893,11.231354113804562,49.29099804280766,79.89391323817516,0.0,4.8076923076923075
0.4,"(200, 200, 200, 200, 200)","(0.7, 0.7, 0.7, 0.5, 0.5)",285.76497866416986,174.13144086652423,-58.75521261978438,946.1855146797893,11.231354113804562,49.29099804280766,79.89391323817516,0.0,4.8076923076923075
0.4,"(200, 200, 200, 200, 200)","(0.7, 0.7, 0.7, 0.7, 0.3)",285.76497866416986,174.13144086652423,-58.75521261978438,946.1855146797893,11.231354113804562,49.29099804280766,79.89391323817516,0.0,4.8076923076923075
0.4,"(200, 200, 200, 200, 200)","(0.7, 0.7, 0.7, 0.7, 0.5)",285.76497866416986,174.13144086652423,-58.75521261978438,946.1855146797893,11.231354113804562,49.29099804280766,79.89391323817516,0.0,4.8076923076923075
0.4,"(200, 200, 200, 200, 200)","(0.7, 0.7, 0.7, 0.7, 0.7)",285.76497866416986,174.13144086652423,-58.75521261978438,946.1855146797893,11.231354113804562,49.29099804280766,79.89391323817516,0.0,4.8076923076923075
0.4,"(100, 100, 200, 200, 300)","(0.5, 0.3, 0.3, 0.3, 0.3)",285.4826251724724,168.4027045743528,-56.62479184197857,1067.7758821622556,10.929386086885925,50.60276861575188,77.69643310808118,0.0,4.8076923076923075
0.2,"(100, 100, 200, 200, 300)","(0.7, 0.3, 0.3, 0.3, 0.3)",285.4312546014281,201.34284332064476,-54.750075930453136,1184.3022249640244,11.018786596022116,50.548621916962865,75.27090506613803,384615.3846153846,4.8076923076923075
0.2,"(100, 100, 200, 200, 300)","(0.5, 0.5, 0.3, 0.3, 0.3)",285.39495338029485,200.73759017833967,-54.75060073240123,1184.3022249640244,11.017980214795923,50.53866777546129,75.27413028583314,384615.3846153846,4.8076923076923075
0.2,"(100, 100, 200, 200, 300)","(0.5, 0.5, 0.5, 0.3, 0.3)",283.8832491843678,201.2718963401623,-54.56004346268948,1162.1948854217576,11.080939304912352,50.084237403376896,74.66730880099715,384615.3846153846,4.8076923076923075
0.4,"(100, 100, 200, 200, 300)","(0.7, 0.3, 0.3, 0.3, 0.3)",283.47497496841095,169.33601978251522,-56.497747183227844,1056.7222123911226,10.933111886252316,50.33831365673242,77.4537590459332,0.0,4.8076923076923075
0.4,"(100, 100, 200, 200, 300)","(0.5, 0.5, 0.3, 0.3, 0.3)",283.4386737472777,168.75722083016794,-56.49827198517594,1056.7222123911226,10.93204839096463,50.34155372330316,77.45659283784788,0.0,4.8076923076923075
0.2,"(100, 100, 200, 200, 300)","(0.7, 0.5, 0.3, 0.3, 0.3)",283.3873031762334,201.60999640155597,-54.623556073650505,1173.248555192891,11.014409996367837,50.28409462858984,74.999125970596,384615.3846153846,4.8076923076923075
0.6,"(200, 200, 200, 200, 200)","(0.7, 0.3, 0.3, 0.3, 0.3)",283.3635883690647,148.5268157916999,-58.120918955466806,907.034860275954,10.837264464434163,50.70418882448597,78.65671695090695,0.0,4.8076923076923075
0.6,"(200, 200, 200, 200, 200)","(0.5, 0.5, 0.3, 0.3, 0.3)",283.290985926798,148.5268157916999,-58.121968559363026,907.034860275954,10.834421515534151,50.719022499861644,78.66200684062987,0.0,4.8076923076923075
0.6,"(200, 200, 200, 200, 200)","(0.5, 0.5, 0.5, 0.3, 0.3)",283.290985926798,148.5268157916999,-58.121968559363026,907.034860275954,10.834421515534151,50.719022499861644,78.66200684062987,0.0,4.8076923076923075
0.6,"(200, 200, 200, 200, 200)","(0.5, 0.5, 0.5, 0.5, 0.3)",283.290985926798,148.5268157916999,-58.121968559363026,907.034860275954,10.834421515534151,50.719022499861644,78.66200684062987,0.0,4.8076923076923075
0.6,"(200, 200, 200, 200, 200)","(0.5, 0.5, 0.5, 0.5, 0.5)",283.290985926798,148.5268157916999,-58.121968559363026,907.034860275954,10.834421515534151,50.719022499861644,78.66200684062987,0.0,4.8076923076923075
0.2,"(100, 100, 200, 200, 300)","(0.5, 0.5, 0.5, 0.5, 0.3)",282.50185306426863,202.1566380494099,-53.277923504456815,1140.087545879491,11.154000331591998,49.60099023067054,73.82028091060695,384615.3846153846,4.8076923076923075
0.2,"(100, 100, 200, 200, 300)","(0.5, 0.5, 0.5, 0.5, 0.5)",282.0546729029801,202.60350085479905,-51.60110026355742,1117.9802063372244,11.251753741756366,49.195052393425506,72.74942754444383,384615.3846153846,4.8076923076923075
0.4,"(100, 100, 200, 200, 300)","(0.5, 0.5, 0.5, 0.3, 0.3)",281.92696955135057,169.4662533417982,-56.307714715464165,1034.6148728488558,10.998714804475636,49.91167291494681,76.91922176866576,0.0,4.8076923076923075
0.2,"(100, 100, 200, 200, 300)","(0.7, 0.5, 0.5, 0.3, 0.3)",281.87559898030645,202.14430256337863,-54.43299880393872,1151.1412156506242,11.0756424828152,49.8279718877631,74.38360622669578,384615.3846153846,4.8076923076923075
0.4,"(100, 100, 200, 200, 300)","(0.7, 0.5, 0.3, 0.3, 0.3)",281.4310235432162,169.69053603833035,-56.3712273264252,1045.6685426199892,10.934520925212238,50.074946345031336,77.21093819533036,0.0,4.8076923076923075
0.2,"(100, 100, 200, 200, 300)","(0.7, 0.7, 0.3, 0.3, 0.3)",281.34335175103865,201.87714948246733,-54.497036216847874,1162.1948854217576,11.008561646974586,50.015876287042474,74.72378936321317,384615.3846153846,4.8076923076923075
0.4,"(100, 100, 200, 200, 300)","(0.5, 0.5, 0.5, 0.5, 0.3)",280.5455734312514,170.53631313891253,-55.02559475723151,1012.5075333065892,11.075784823028432,49.44728420055023,76.12120388059671,0.0,4.8076923076923075
0.4,"(100, 100, 200, 200, 300)","(0.5, 0.5, 0.5, 0.5, 0.5)",280.5455734312514,170.53631313891253,-55.02559475723151,1012.5075333065892,11.075784823028432,49.44728420055023,76.12120388059671,0.0,4.8076923076923075
0.2,"(100, 100, 200, 200, 300)","(0.7, 0.5, 0.5, 0.5, 0.3)",280.4942028602071,203.0290442726262,-53.15087884570608,1129.0338761083578,11.146999333406256,49.34250865700163,73.53089063156038,384615.3846153846,4.8076923076923075
0.2,"(100, 100, 200, 200, 300)","(0.7, 0.5, 0.5, 0.5, 0.5)",280.0470226989186,203.53830682661948,-51.47405560480669,1106.926536566091,11.24353148030774,48.937315036044076,72.46358539572074,384615.3846153846,4.8076923076923075
0.4,"(100, 100, 200, 200, 300)","(0.7, 0.5, 0.5, 0.3, 0.3)",279.9193193472892,170.39956854996063,-56.18067005671343,1023.5612030777224,10.999528581541055,49.6445326872654,76.66627924939219,0.0,4.8076923076923075
0.2,"(100, 100, 200, 200, 300)","(0.7, 0.7, 0.5, 0.3, 0.3)",279.83164755511166,202.4114556442899,-54.30647894713611,1140.087545879491,11.06804936819233,49.55791921796736,74.0995130376368,384615.3846153846,4.8076923076923075
0.4,"(100, 100, 200, 200, 300)","(0.7, 0.7, 0.3, 0.3, 0.3)",279.3870721180214,170.04505229414548,-56.24470746962257,1034.6148728488558,10.934653882648947,49.80923359983885,76.96512219925904,0.0,4.8076923076923075
0.6,"(200, 200, 200, 200, 200)","(0.7, 0.5, 0.3, 0.3, 0.3)",279.2756855186752,154.21027359850382,-57.86787924186155,884.9275207336873,10.846191472798047,50.26906169543259,78.19599183241075,0.0,4.8076923076923075
0.6,"(200, 200, 200, 200, 200)","(0.7, 0.5, 0.5, 0.3, 0.3)",279.2756855186752,154.21027359850382,-57.86787924186155,884.9275207336873,10.846191472798047,50.26906169543259,78.19599183241075,0.0,4.8076923076923075
0.6,"(200, 200, 200, 200, 200)","(0.7, 0.5, 0.5, 0.5, 0.3)",279.2756855186752,154.21027359850382,-57.86787924186155,884.9275207336873,10.846191472798047,50.26906169543259,78.19599183241075,0.0,4.8076923076923075
0.6,"(200, 200, 200, 200, 200)","(0.7, 0.5, 0.5, 0.5, 0.5)",279.2756855186752,154.21027359850382,-57.86787924186155,884.9275207336873,10.846191472798047,50.26906169543259,78.19599183241075,0.0,4.8076923076923075
0.4,"(100, 100, 200, 200, 300)","(0.7, 0.5, 0.5, 0.5, 0.3)",278.53792322718994,171.46962834707494,-54.89855009848077,1001.4538635354559,11.074956854792743,49.17852579069587,75.86321476960471,0.0,4.8076923076923075
0.4,"(100, 100, 200, 200, 300)","(0.7, 0.5, 0.5, 0.5, 0.5)",278.53792322718994,171.46962834707494,-54.89855009848077,1001.4538635354559,11.074956854792743,49.17852579069587,75.86321476960471,0.0,4.8076923076923075
0.2,"(100, 100, 200, 200, 300)","(0.7, 0.7, 0.5, 0.5, 0.3)",278.45025143501243,203.30135251060756,-53.024358988903444,1117.9802063372244,11.137683546959947,49.06985949623044,73.24112208543049,384615.3846153846,4.8076923076923075
0.2,"(100, 100, 200, 200, 300)","(0.7, 0.7, 0.7, 0.3, 0.3)",278.3199433591847,202.94576180611253,-54.115921677424325,1117.9802063372244,11.124311245809963,49.09978611212297,73.45374189825344,384615.3846153846,4.8076923076923075
0.2,"(100, 100, 200, 200, 300)","(0.7, 0.7, 0.5, 0.5, 0.5)",278.00307127372395,203.85290106324203,-51.347535748004056,1095.8728667949579,11.232985212037436,48.6657270832428,72.17753154374748,384615.3846153846,4.8076923076923075
0.4,"(100, 100, 200, 200, 300)","(0.7, 0.7, 0.5, 0.3, 0.3)",277.8753679220945,170.75408480577576,-56.0541501999108,1012.5075333065892,10.997989440304847,49.37674469460329,76.4131340715524,0.0,4.8076923076923075
0.2,"(100, 100, 200, 200, 300)","(0.7, 0.7, 0.7, 0.5, 0.3)",276.93854723908544,203.9305409838526,-52.833801719191676,1095.8728667949579,11.190805816488172,48.61232424345188,72.5900436349165,384615.3846153846,4.8076923076923075
0.4,"(100, 100, 200, 200, 300)","(0.7, 0.7, 0.5, 0.5, 0.3)",276.49397180199514,171.82414460289004,-54.77203024167814,990.4001937643226,11.071762959319411,48.90914689259391,75.60503786163004,0.0,4.8076923076923075
0.4,"(100, 100, 200, 200, 300)","(0.7, 0.7, 0.5, 0.5, 0.5)",276.49397180199514,171.82414460289004,-54.77203024167814,990.4001937643226,11.071762959319411,48.90914689259391,75.60503786163004,0.0,4.8076923076923075
0.2,"(100, 100, 200, 200, 300)","(0.7, 0.7, 0.7, 0.5, 0.5)",276.49136707779695,204.48208953648702,-51.15697847829228,1073.7655272526913,11.283254944641772,48.211191181026415,71.5238203310832,384615.3846153846,4.8076923076923075
0.4,"(100, 100, 200, 200, 300)","(0.7, 0.7, 0.7, 0.3, 0.3)",276.3636637261675,171.463117317406,-55.863592930199026,990.4001937643226,11.058008479164506,48.94579656341122,75.84327174260889,0.0,4.8076923076923075
0.2,"(100, 100, 200, 200, 300)","(0.7, 0.7, 0.7, 0.7, 0.3)",275.5571511189862,204.91702025517924,-51.55168176095901,1073.7655272526913,11.253966504232134,48.12632165829413,71.7492213404925,384615.3846153846,4.8076923076923075
0.6,"(200, 200, 200, 200, 200)","(0.7, 0.7, 0.3, 0.3, 0.3)",275.18778266828565,159.89373140530768,-57.614839528256276,862.8201811914207,10.850578816931788,49.844571607914084,77.72408025703089,0.0,4.8076923076923075
0.6,"(200, 200, 200, 200, 200)","(0.7, 0.7, 0.5, 0.3, 0.3)",275.18778266828565,159.89373140530768,-57.614839528256276,862.8201811914207,10.850578816931788,49.844571607914084,77.72408025703089,0.0,4.8076923076923075
0.6,"(200, 200, 200, 200, 200)","(0.7, 0.7, 0.5, 0.5, 0.3)",275.18778266828565,159.89373140530768,-57.614839528256276,862.8201811914207,10.850578816931788,49.844571607914084,77.72408025703089,0.0,4.8076923076923075
0.6,"(200, 200, 200, 200, 200)","(0.7, 0.7, 0.5, 0.5, 0.5)",275.18778266828565,159.89373140530768,-57.614839528256276,862.8201811914207,10.850578816931788,49.844571607914084,77.72408025703089,0.0,4.8076923076923075
0.6,"(200, 200, 200, 200, 200)","(0.7, 0.7, 0.7, 0.3, 0.3)",275.18778266828565,159.89373140530768,-57.614839528256276,862.8201811914207,10.850578816931788,49.844571607914084,77.72408025703089,0.0,4.8076923076923075
0.6,"(200, 200, 200, 200, 200)","(0.7, 0.7, 0.7, 0.5, 0.3)",275.18778266828565,159.89373140530768,-57.614839528256276,862.8201811914207,10.850578816931788,49.844571607914084,77.72408025703089,0.0,4.8076923076923075
0.6,"(200, 200, 200, 200, 200)","(0.7, 0.7, 0.7, 0.5, 0.5)",275.18778266828565,159.89373140530768,-57.614839528256276,862.8201811914207,10.850578816931788,49.844571607914084,77.72408025703089,0.0,4.8076923076923075
0.6,"(200, 200, 200, 200, 200)","(0.7, 0.7, 0.7, 0.7, 0.3)",275.18778266828565,159.89373140530768,-57.614839528256276,862.8201811914207,10.850578816931788,49.844571607914084,77.72408025703089,0.0,4.8076923076923075
0.6,"(200, 200, 200, 200, 200)","(0.7, 0.7, 0.7, 0.7, 0.5)",275.18778266828565,159.89373140530768,-57.614839528256276,862.8201811914207,10.850578816931788,49.844571607914084,77.72408025703089,0.0,4.8076923076923075
0.6,"(200, 200, 200, 200, 200)","(0.7, 0.7, 0.7, 0.7, 0.7)",275.18778266828565,159.89373140530768,-57.614839528256276,862.8201811914207,10.850578816931788,49.844571607914084,77.72408025703089,0.0,4.8076923076923075
0.2,"(100, 100, 200, 200, 300)","(0.7, 0.7, 0.7, 0.7, 0.5)",275.10997095769767,205.546274163244,-49.874858520059625,1051.6581877104247,11.343313541732218,47.7284291753272,70.68299803665921,384615.3846153846,4.8076923076923075
0.4,"(100, 100, 200, 200, 300)","(0.7, 0.7, 0.7, 0.5, 0.3)",274.98226760606826,172.5331771145203,-54.58147297196637,968.292854222056,11.128542920593166,48.47994629233782,75.02209185067424,0.0,4.8076923076923075
0.4,"(100, 100, 200, 200, 300)","(0.7, 0.7, 0.7, 0.5, 0.5)",274.98226760606826,172.5331771145203,-54.58147297196637,968.292854222056,11.128542920593166,48.47994629233782,75.02209185067424,0.0,4.8076923076923075
0.2,"(100, 100, 200, 200, 300)","(0.7, 0.7, 0.7, 0.7, 0.7)",274.66279079640924,206.18684606588008,-48.19803527916024,1029.5508481681582,11.429376632021912,47.33339197844961,69.61677473282592,384615.3846153846,4.8076923076923075
0.4,"(100, 100, 200, 200, 300)","(0.7, 0.7, 0.7, 0.7, 0.3)",273.600871485969,175.84804394637268,-53.29935301373372,946.1855146797893,11.195623504416007,48.015130048734264,74.20091195873962,0.0,4.8076923076923075
0.4,"(100, 100, 200, 200, 300)","(0.7, 0.7, 0.7, 0.7, 0.5)",273.600871485969,175.84804394637268,-53.29935301373372,946.1855146797893,11.195623504416007,48.015130048734264,74.20091195873962,0.0,4.8076923076923075
0.4,"(100, 100, 200, 200, 300)","(0.7, 0.7, 0.7, 0.7, 0.7)",273.600871485969,175.84804394637268,-53.29935301373372,946.1855146797893,11.195623504416007,48.015130048734264,74.20091195873962,0.0,4.8076923076923075
0.6,"(100, 100, 100, 100, 100)","(0.3, 0.3, 0.3, 0.3, 0.3)",273.44956809521443,141.0671609325517,-56.724100616882644,951.2495393604871,10.619363199567001,50.58607746350068,77.17157098656934,0.0,4.8076923076923075
0.6,"(100, 100, 200, 200, 300)","(0.3, 0.3, 0.3, 0.3, 0.3)",273.00946520163313,140.05048532771823,-58.217852363987596,951.2495393604871,10.544582777281887,50.80309513230536,79.68195254774325,0.0,4.8076923076923075
0.6,"(100, 100, 100, 100, 100)","(0.5, 0.3, 0.3, 0.3, 0.3)",271.44191789115297,143.18786795001415,-56.597055958131904,940.1958695893538,10.624502601625643,50.32885138934442,76.92061336323658,0.0,4.8076923076923075
0.6,"(100, 100, 200, 200, 300)","(0.5, 0.3, 0.3, 0.3, 0.3)",271.0018149975717,141.67111405203588,-58.09080770523687,940.1958695893538,10.55029805036394,50.54764634487518,79.46525013618655,0.0,4.8076923076923075
0.6,"(100, 100, 100, 100, 100)","(0.7, 0.3, 0.3, 0.3, 0.3)",269.43426768709156,146.0441267506663,-56.47001129938116,929.1421998182205,10.628399147086187,50.06957258640129,76.66646644967052,0.0,4.8076923076923075
0.6,"(100, 100, 100, 100, 100)","(0.5, 0.5, 0.3, 0.3, 0.3)",269.39796646595823,146.0441267506663,-56.47053610132927,929.1421998182205,10.627099240925505,50.07718388707213,76.66945357266407,0.0,4.8076923076923075
0.6,"(100, 100, 200, 200, 300)","(0.7, 0.3, 0.3, 0.3, 0.3)",268.9941647935103,144.52737285268796,-57.96376304648613,929.1421998182205,10.554761282438248,50.29105040253522,79.24601061038624,0.0,4.8076923076923075
0.6,"(100, 100, 200, 200, 300)","(0.5, 0.5, 0.3, 0.3, 0.3)",268.957863572377,144.52737285268802,-57.96428784843424,929.1421998182205,10.553472407251569,50.29854056478897,79.24853032995652,0.0,4.8076923076923075
0.6,"(100, 100, 100, 100, 100)","(0.5, 0.5, 0.5, 0.3, 0.3)",268.64211436799474,148.90038555131844,-56.375257466473386,918.0885300470871,10.66020540909403,49.860170613916736,76.38930939042477,0.0,4.8076923076923075
0.6,"(100, 100, 100, 100, 100)","(0.5, 0.5, 0.5, 0.5, 0.3)",267.9514163079451,150.91114125396246,-55.73419748735705,907.034860275954,10.699506722598175,49.626145249709644,75.98265611573653,0.0,4.8076923076923075
0.6,"(100, 100, 100, 100, 100)","(0.5, 0.5, 0.5, 0.5, 0.5)",267.9514163079451,150.91114125396246,-55.73419748735705,907.034860275954,10.699506722598175,49.626145249709644,75.98265611573653,0.0,4.8076923076923075
0.0,"(100, 100, 200, 200, 300)","(0.3, 0.3, 0.3, 0.3, 0.3)",267.68234158181167,194.97220936318678,-48.653966434007046,1200.5906193712735,10.555158060967043,48.61720300460546,70.43626708045613,1576923.076923077,4.8076923076923075
0.6,"(100, 100, 200, 200, 300)","(0.5, 0.5, 0.5, 0.3, 0.3)",267.44615937645,150.23989045399225,-57.77373057872247,907.034860275954,10.620581498735358,49.855022720449355,78.76720384163622,0.0,4.8076923076923075
0.6,"(100, 100, 200, 200, 300)","(0.5, 0.5, 0.5, 0.5, 0.3)",267.44615937645,150.23989045399225,-57.77373057872247,907.034860275954,10.620581498735358,49.855022720449355,78.76720384163622,0.0,4.8076923076923075
0.6,"(100, 100, 200, 200, 300)","(0.5, 0.5, 0.5, 0.5, 0.5)",267.44615937645,150.23989045399225,-57.77373057872247,907.034860275954,10.620581498735358,49.855022720449355,78.76720384163622,0.0,4.8076923076923075
0.6,"(100, 100, 100, 100, 100)","(0.7, 0.5, 0.3, 0.3, 0.3)",267.3903162618968,148.9003855513184,-56.34349144257853,918.0885300470873,10.629756004369273,49.81574527307387,76.41210059701399,0.0,4.8076923076923075
0.6,"(100, 100, 200, 200, 300)","(0.7, 0.5, 0.3, 0.3, 0.3)",266.95021336831553,147.3836316533401,-57.837243189683505,918.0885300470873,10.556686507957412,50.039885949636215,79.02674379399454,0.0,4.8076923076923075
0.6,"(100, 100, 100, 100, 100)","(0.7, 0.5, 0.5, 0.3, 0.3)",266.63446416393333,151.75664435197058,-56.24821280772265,907.034860275954,10.662013140779067,49.5980331886673,76.12807395512696,0.0,4.8076923076923075
0.6,"(100, 100, 100, 100, 100)","(0.7, 0.5, 0.5, 0.5, 0.3)",265.94376610388366,153.76740005461454,-55.607152828606324,895.9811905048207,10.700459973411334,49.363315376521896,75.71879945676557,0.0,4.8076923076923075
0.6,"(100, 100, 100, 100, 100)","(0.7, 0.5, 0.5, 0.5, 0.5)",265.94376610388366,153.76740005461454,-55.607152828606324,895.9811905048207,10.700459973411334,49.363315376521896,75.71879945676557,0.0,4.8076923076923075
0.0,"(100, 100, 200, 200, 300)","(0.5, 0.3, 0.3, 0.3, 0.3)",265.6746913777502,191.66220728891247,-48.526921775256305,1189.5369496001404,10.546721132594335,48.35009519337969,70.04735810135848,1576923.076923077,4.8076923076923075
0.6,"(100, 100, 200, 200, 300)","(0.7, 0.5, 0.5, 0.3, 0.3)",265.43850917238854,152.69291519819964,-57.646685919971716,895.9811905048207,10.622087529571177,49.594626372946166,78.53922247396862,0.0,4.8076923076923075
0.6,"(100, 100, 200, 200, 300)","(0.7, 0.5, 0.5, 0.5, 0.3)",265.43850917238854,152.69291519819964,-57.646685919971716,895.9811905048207,10.622087529571177,49.594626372946166,78.53922247396862,0.0,4.8076923076923075
0.6,"(100, 100, 200, 200, 300)","(0.7, 0.5, 0.5, 0.5, 0.5)",265.43850917238854,152.69291519819964,-57.646685919971716,895.9811905048207,10.622087529571177,49.594626372946166,78.53922247396862,0.0,4.8076923076923075
0.6,"(100, 100, 100, 100, 100)","(0.7, 0.7, 0.3, 0.3, 0.3)",265.34636483670204,151.75664435197058,-56.2169715857759,907.034860275954,10.62984978012448,49.559644230117506,76.1545115253859,0.0,4.8076923076923075
0.6,"(100, 100, 200, 200, 300)","(0.7, 0.7, 0.3, 0.3, 0.3)",264.9062619431208,150.23989045399225,-57.71072333288087,907.034860275954,10.55733840453561,49.786517771260606,78.80491984387535,0.0,4.8076923076923075
0.6,"(100, 100, 100, 100, 100)","(0.7, 0.7, 0.5, 0.3, 0.3)",264.5905127387386,154.61290315262272,-56.12169295092002,895.9811905048207,10.66125111196229,49.34125404871476,75.8665788598347,0.0,4.8076923076923075
0.6,"(100, 100, 100, 100, 100)","(0.7, 0.7, 0.5, 0.5, 0.3)",263.8998146786889,155.92460945605671,-55.48063297180368,884.9275207336873,10.698837187737611,49.10587558499479,75.4546902244767,0.0,4.8076923076923075
0.6,"(100, 100, 100, 100, 100)","(0.7, 0.7, 0.5, 0.5, 0.5)",263.8998146786889,155.92460945605671,-55.48063297180368,884.9275207336873,10.698837187737611,49.10587558499479,75.4546902244767,0.0,4.8076923076923075
0.6,"(100, 100, 100, 100, 100)","(0.7, 0.7, 0.7, 0.3, 0.3)",263.83466064077504,156.68886495944065,-56.02641431606412,884.9275207336873,10.691774438047648,49.12278035657013,75.57393131429896,0.0,4.8076923076923075
0.0,"(100, 100, 200, 200, 300)","(0.7, 0.3, 0.3, 0.3, 0.3)",263.66704117368874,189.47960011828087,-48.39987711650557,1178.483279829007,10.536472461147351,48.07831229505788,69.65074419173415,1576923.076923077,4.8076923076923075
0.0,"(100, 100, 200, 200, 300)","(0.5, 0.5, 0.3, 0.3, 0.3)",263.6307399525555,189.1984555827243,-48.400401918453674,1178.483279829007,10.535756323233462,48.067100693106696,69.65074419173415,1576923.076923077,4.8076923076923075
0.6,"(100, 100, 200, 200, 300)","(0.7, 0.7, 0.5, 0.3, 0.3)",263.3945577471938,154.21027359850382,-57.5201660631691,884.9275207336873,10.62101691482445,49.339976676735624,78.31117429639748,0.0,4.8076923076923075
0.6,"(100, 100, 200, 200, 300)","(0.7, 0.7, 0.5, 0.5, 0.3)",263.3945577471938,154.21027359850382,-57.5201660631691,884.9275207336873,10.62101691482445,49.339976676735624,78.31117429639748,0.0,4.8076923076923075
0.6,"(100, 100, 200, 200, 300)","(0.7, 0.7, 0.5, 0.5, 0.5)",263.3945577471938,154.21027359850382,-57.5201660631691,884.9275207336873,10.62101691482445,49.339976676735624,78.31117429639748,0.0,4.8076923076923075
0.6,"(100, 100, 100, 100, 100)","(0.7, 0.7, 0.7, 0.5, 0.3)",263.1439625807255,157.72325330187596,-55.3853543369478,873.8738509625541,10.728485349108771,48.88739126285047,75.15867035319427,0.0,4.8076923076923075
0.6,"(100, 100, 100, 100, 100)","(0.7, 0.7, 0.7, 0.5, 0.5)",263.1439625807255,157.72325330187596,-55.3853543369478,873.8738509625541,10.728485349108771,48.88739126285047,75.15867035319427,0.0,4.8076923076923075
0.6,"(100, 100, 100, 100, 100)","(0.7, 0.7, 0.7, 0.7, 0.3)",262.4532645206759,159.71947910726976,-54.74429435783147,862.8201811914207,10.764248460375569,48.652113292171684,74.74340939208959,0.0,4.8076923076923075
0.6,"(100, 100, 100, 100, 100)","(0.7, 0.7, 0.7, 0.7, 0.5)",262.4532645206759,159.71947910726976,-54.74429435783147,862.8201811914207,10.764248460375569,48.652113292171684,74.74340939208959,0.0,4.8076923076923075
0.6,"(100, 100, 100, 100, 100)","(0.7, 0.7, 0.7, 0.7, 0.7)",262.4532645206759,159.71947910726976,-54.74429435783147,862.8201811914207,10.764248460375569,48.652113292171684,74.74340939208959,0.0,4.8076923076923075
0.0,"(100, 100, 200, 200, 300)","(0.5, 0.5, 0.5, 0.3, 0.3)",262.1190357566285,188.6653959778297,-48.20984464874192,1156.3759402867404,10.59338726423158,47.59414912062701,68.89439606331577,1576923.076923077,4.8076923076923075
0.6,"(100, 100, 200, 200, 300)","(0.7, 0.7, 0.7, 0.3, 0.3)",261.88285355126686,159.89373140530768,-57.32960879345732,862.8201811914207,10.681163098259074,48.89923009927111,77.80233898224665,0.0,4.8076923076923075
0.6,"(100, 100, 200, 200, 300)","(0.7, 0.7, 0.7, 0.5, 0.3)",261.88285355126686,159.89373140530768,-57.32960879345732,862.8201811914207,10.681163098259074,48.89923009927111,77.80233898224665,0.0,4.8076923076923075
0.6,"(100, 100, 200, 200, 300)","(0.7, 0.7, 0.7, 0.5, 0.5)",261.88285355126686,159.89373140530768,-57.32960879345732,862.8201811914207,10.681163098259074,48.89923009927111,77.80233898224665,0.0,4.8076923076923075
0.6,"(100, 100, 200, 200, 300)","(0.7, 0.7, 0.7, 0.7, 0.3)",261.88285355126686,159.89373140530768,-57.32960879345732,862.8201811914207,10.681163098259074,48.89923009927111,77.80233898224665,0.0,4.8076923076923075
0.6,"(100, 100, 200, 200, 300)","(0.7, 0.7, 0.7, 0.7, 0.5)",261.88285355126686,159.89373140530768,-57.32960879345732,862.8201811914207,10.681163098259074,48.89923009927111,77.80233898224665,0.0,4.8076923076923075
0.6,"(100, 100, 200, 200, 300)","(0.7, 0.7, 0.7, 0.7, 0.7)",261.88285355126686,159.89373140530768,-57.32960879345732,862.8201811914207,10.681163098259074,48.89923009927111,77.80233898224665,0.0,4.8076923076923075
0.0,"(100, 100, 200, 200, 300)","(0.7, 0.5, 0.3, 0.3, 0.3)",261.62308974849407,187.18073563986022,-48.27335725970292,1167.4296100578736,10.523670915460887,47.79174170413721,69.26542639855387,1576923.076923077,4.8076923076923075
0.0,"(100, 100, 200, 200, 300)","(0.5, 0.5, 0.5, 0.5, 0.3)",260.73763963652925,188.81180429444754,-46.927724690509244,1134.2686007444738,10.660226704512356,47.097027049719266,68.00557601785229,1576923.076923077,4.8076923076923075
0.0,"(100, 100, 200, 200, 300)","(0.7, 0.5, 0.5, 0.3, 0.3)",260.111385552567,187.15056223069894,-48.082799989991166,1145.322270515607,10.579327833566792,47.321007440655954,68.51680617875205,1576923.076923077,4.8076923076923075
0.0,"(100, 100, 200, 200, 300)","(0.5, 0.5, 0.5, 0.5, 0.5)",260.0668693945965,189.43831021173162,-44.412489829160165,1101.1075914310738,10.801419204618648,46.49614971238459,66.31494414770816,1576923.076923077,4.8076923076923075
0.0,"(100, 100, 200, 200, 300)","(0.7, 0.7, 0.3, 0.3, 0.3)",259.57913832329933,184.26219946262273,-48.14683740290031,1156.3759402867404,10.50898198984552,47.50313967696721,68.89439606331577,1576923.076923077,4.8076923076923075
0.0,"(100, 100, 200, 200, 300)","(0.7, 0.5, 0.5, 0.5, 0.3)",258.7299894324678,186.4073240077681,-46.80068003175851,1123.2149309733404,10.644226493169937,46.82054158907662,67.62012928389372,1576923.076923077,4.8076923076923075
0.0,"(100, 100, 200, 200, 300)","(0.7, 0.7, 0.5, 0.3, 0.3)",258.06743412737234,183.57498935757144,-47.956280133188535,1134.2686007444738,10.56263787470684,47.03124623832966,68.13248124130695,1576923.076923077,4.8076923076923075
0.0,"(100, 100, 200, 200, 300)","(0.7, 0.5, 0.5, 0.5, 0.5)",258.05921919053503,186.88235625054625,-44.28544517040942,1090.0539216599407,10.783577541365743,46.219455977508986,65.91455283632502,1576923.076923077,4.8076923076923075
0.0,"(100, 100, 200, 200, 300)","(0.7, 0.7, 0.5, 0.5, 0.3)",256.68603800727305,183.62107855145496,-46.67416017495587,1112.1612612022072,10.625567466894994,46.526422231848635,67.2278073548033,1576923.076923077,4.8076923076923075
0.0,"(100, 100, 200, 200, 300)","(0.7, 0.7, 0.7, 0.3, 0.3)",256.55572993144534,183.452664276466,-47.76572286347675,1112.1612612022072,10.612921971437762,46.561445285593585,67.34289232054589,1576923.076923077,4.8076923076923075
0.0,"(100, 100, 200, 200, 300)","(0.7, 0.7, 0.5, 0.5, 0.5)",256.01526776534035,184.09611079423308,-44.15892531360678,1079.000251888807,10.763068999801288,45.92591260897533,65.50701976409059,1576923.076923077,4.8076923076923075
0.0,"(100, 100, 200, 200, 300)","(0.7, 0.7, 0.7, 0.5, 0.3)",255.17433381134606,182.21586785734956,-46.483602905244105,1090.0539216599404,10.672591837981827,46.054191739913406,66.42178875335453,1576923.076923077,4.8076923076923075
0.0,"(100, 100, 200, 200, 300)","(0.7, 0.7, 0.7, 0.5, 0.5)",254.50356356941336,182.43009351976633,-43.968368043895026,1056.8929123465407,10.805943525701888,45.45406836031759,64.66975013277506,1576923.076923077,4.8076923076923075
0.0,"(100, 100, 200, 200, 300)","(0.7, 0.7, 0.7, 0.7, 0.3)",253.7929376912468,181.02603093770603,-45.20148294701145,1067.9465821176739,10.728848235127597,45.545205695704354,65.50068518616318,1576923.076923077,4.8076923076923075
0.0,"(100, 100, 200, 200, 300)","(0.7, 0.7, 0.7, 0.7, 0.5)",253.12216744931405,181.33917064681276,-42.686248085662356,1034.7855728042741,10.857754062498609,44.94827886020697,63.74864656558371,1576923.076923077,4.8076923076923075
0.0,"(100, 100, 200, 200, 300)","(0.7, 0.7, 0.7, 0.7, 0.7)",252.45139720738132,181.6523103559195,-40.17101322431328,1001.6245634908742,10.979756049747106,44.35865153564699,62.39248389368098,1576923.076923077,4.8076923076923075
0.4,"(100, 100, 100, 100, 100)","(0.3, 0.3, 0.3, 0.3, 0.3)",251.6853546674751,146.91148675318533,-50.37390180293506,945.4305942254699,10.24981489253916,47.236936600380204,71.73904933577991,1192307.6923076923,4.8076923076923075
0.4,"(100, 100, 100, 100, 100)","(0.5, 0.3, 0.3, 0.3, 0.3)",249.67770446341362,147.84480196134777,-50.24685714418433,934.3769244543365,10.24984292051302,46.95749225325885,71.45731642078144,1192307.6923076923,4.8076923076923075
0.4,"(100, 100, 100, 100, 100)","(0.7, 0.3, 0.3, 0.3, 0.3)",247.67005425935218,148.77811716951015,-50.1198124854336,923.3232546832031,10.24842308128148,46.67507138012899,71.17204764598097,1192307.6923076923,4.8076923076923075
0.4,"(100, 100, 100, 100, 100)","(0.5, 0.5, 0.3, 0.3, 0.3)",247.6337530382189,148.1993182171629,-50.1203372873817,923.3232546832031,10.247170253393348,46.678470669847584,71.17552783828287,1192307.6923076923,4.8076923076923075
0.4,"(100, 100, 100, 100, 100)","(0.5, 0.5, 0.5, 0.3, 0.3)",246.8779009402554,148.553834472978,-50.02505865252582,912.26958491207,10.27786203683461,46.45638311835882,70.85539896810616,1192307.6923076923,4.8076923076923075
0.4,"(100, 100, 100, 100, 100)","(0.5, 0.5, 0.5, 0.5, 0.3)",246.18720288020575,149.08886437153515,-49.38399867340948,901.2159151409365,10.314253343990229,46.216965743403826,70.45384373365285,1192307.6923076923,4.8076923076923075
0.4,"(100, 100, 100, 100, 100)","(0.5, 0.5, 0.5, 0.5, 0.5)",245.9636127995615,149.40915032285318,-48.545587052959796,890.1622453698034,10.363312057051784,46.01358888397077,69.94464273887705,1192307.6923076923,4.8076923076923075
0.4,"(100, 100, 100, 100, 100)","(0.7, 0.5, 0.3, 0.3, 0.3)",245.62610283415745,149.1326334253253,-49.99329262863097,912.26958491207,10.244299479285498,46.39323981003966,70.88670624610725,1192307.6923076923,4.8076923076923075
0.4,"(100, 100, 100, 100, 100)","(0.7, 0.5, 0.5, 0.3, 0.3)",244.87025073619392,149.48714968114044,-49.89801399377508,901.2159151409365,10.274074651694963,46.170270469410156,70.5622386851017,1192307.6923076923,4.8076923076923075
0.4,"(100, 100, 100, 100, 100)","(0.7, 0.5, 0.5, 0.5, 0.3)",244.17955267614434,150.0221795796976,-49.256954014658746,890.1622453698034,10.309550363399394,45.93094390342066,70.15812774387891,1192307.6923076923,4.8076923076923075
0.4,"(100, 100, 100, 100, 100)","(0.7, 0.5, 0.5, 0.5, 0.5)",243.9559625955001,150.34246553101562,-48.418542394209055,879.10857559867,10.35791272732995,45.72830638408547,69.64568592861885,1192307.6923076923,4.8076923076923075
0.4,"(100, 100, 100, 100, 100)","(0.7, 0.7, 0.3, 0.3, 0.3)",243.58215140896266,149.48714968114044,-49.86677277182834,901.2159151409365,10.238695309132128,46.107890106570956,70.59779465781885,1192307.6923076923,4.8076923076923075
0.4,"(100, 100, 100, 100, 100)","(0.7, 0.7, 0.5, 0.3, 0.3)",242.82629931099922,149.84166593695556,-49.77149413697245,890.1622453698031,10.267545921546915,45.88500334755225,70.2689644970111,1192307.6923076923,4.8076923076923075
0.4,"(100, 100, 100, 100, 100)","(0.7, 0.7, 0.5, 0.5, 0.3)",242.1356012509496,150.37669583551272,-49.13043415785613,879.10857559867,10.302098529164367,45.64488641587948,69.86230516987293,1192307.6923076923,4.8076923076923075
0.4,"(100, 100, 100, 100, 100)","(0.7, 0.7, 0.7, 0.3, 0.3)",242.07044721303572,150.1961821927707,-49.67621550211656,879.10857559867,10.295515906596346,45.66236333033327,69.9348186769177,1192307.6923076923,4.8076923076923075
0.4,"(100, 100, 100, 100, 100)","(0.7, 0.7, 0.5, 0.5, 0.5)",241.91201117030533,150.69698178683078,-48.29202253740642,868.0549058275366,10.349760294573942,45.441700907042396,69.34663181749954,1192307.6923076923,4.8076923076923075
0.4,"(100, 100, 100, 100, 100)","(0.7, 0.7, 0.7, 0.5, 0.3)",241.37974915298608,150.73121209132785,-49.03515552300024,868.0549058275366,10.329196609628783,45.424134904768884,69.52487245172993,1192307.6923076923,4.8076923076923075
0.4,"(100, 100, 100, 100, 100)","(0.7, 0.7, 0.7, 0.5, 0.5)",241.1561590723419,151.0514980426459,-48.19674390255053,857.0012360564034,10.376039948716134,45.22196431113995,69.00503107560048,1192307.6923076923,4.8076923076923075
0.4,"(100, 100, 100, 100, 100)","(0.7, 0.7, 0.7, 0.7, 0.3)",240.6890510929365,151.80930764237604,-48.39409554388391,857.0012360564034,10.361946117767868,45.1886516819966,69.11492622654217,1192307.6923076923,4.8076923076923075
0.4,"(100, 100, 100, 100, 100)","(0.7, 0.7, 0.7, 0.7, 0.5)",240.46546101229222,152.5007689989664,-47.55568392343421,845.9475662852702,10.407896060277837,44.987067482029836,68.59508485041273,1192307.6923076923,4.8076923076923075
0.4,"(100, 100, 100, 100, 100)","(0.7, 0.7, 0.7, 0.7, 0.7)",240.241870931648,153.19223035555677,-46.71727230298451,834.8938965141368,10.452883194337412,44.787765014272864,68.07524347428328,1192307.6923076923,4.8076923076923075
0.2,"(100, 100, 100, 100, 100)","(0.3, 0.3, 0.3, 0.3, 0.3)",206.20064817897912,127.5746863272715,-39.421175427814646,806.2126913825331,9.208901129866696,40.57035769241257,62.34325458674614,3192307.6923076925,4.8076923076923075
0.2,"(100, 100, 100, 100, 100)","(0.5, 0.3, 0.3, 0.3, 0.3)",204.1929979749177,128.44709255048784,-39.294130769063905,795.1590216113997,9.201976606825765,40.27658559962349,61.968319258638395,3192307.6923076925,4.8076923076923075
0.2,"(100, 100, 100, 100, 100)","(0.7, 0.3, 0.3, 0.3, 0.3)",202.18534777085625,129.32603683839238,-39.167086110313164,784.1053518402665,9.193187255656785,39.98405548338152,61.588196495679504,3192307.6923076925,4.8076923076923075
0.2,"(100, 100, 100, 100, 100)","(0.5, 0.5, 0.3, 0.3, 0.3)",202.14904654972295,128.74723788604507,-39.167610912261274,784.1053518402665,9.19173723863807,39.970249233048676,61.59305257621399,3192307.6923076925,4.8076923076923075
0.2,"(100, 100, 100, 100, 100)","(0.5, 0.5, 0.5, 0.3, 0.3)",201.39319445175943,129.10175414186017,-39.07233227740539,773.0516820691331,9.21902026286695,39.743733427673675,61.15615749606971,3192307.6923076925,4.8076923076923075
0.2,"(100, 100, 100, 100, 100)","(0.5, 0.5, 0.5, 0.5, 0.3)",200.70249639170984,129.63678404041735,-38.43127229828905,761.9980122979998,9.251333637383322,39.50264659903639,60.71312861412029,3192307.6923076925,4.8076923076923075
0.2,"(100, 100, 100, 100, 100)","(0.5, 0.5, 0.5, 0.5, 0.5)",200.47890631106554,129.9570699917354,-37.59286067783937,750.9443425268665,9.29734018612041,39.31435785198582,60.15133604351624,3192307.6923076925,4.8076923076923075
0.2,"(100, 100, 100, 100, 100)","(0.7, 0.5, 0.3, 0.3, 0.3)",200.1413963456615,129.68055309420748,-39.04056625351052,773.0516820691331,9.181069960052696,39.678136354795086,61.207709083159514,3192307.6923076925,4.8076923076923075
0.2,"(100, 100, 100, 100, 100)","(0.7, 0.5, 0.5, 0.3, 0.3)",199.38554424769805,130.03506935002264,-38.945287618654646,761.9980122979998,9.207252548183869,39.4512457551515,60.76435455807169,3192307.6923076925,4.8076923076923075
0.2,"(100, 100, 100, 100, 100)","(0.7, 0.5, 0.5, 0.5, 0.3)",198.69484618764838,130.57009924857977,-38.304227639538325,750.9443425268665,9.238475930757058,39.21020477162123,60.3182127408216,3192307.6923076925,4.8076923076923075
0.2,"(100, 100, 100, 100, 100)","(0.7, 0.5, 0.5, 0.5, 0.5)",198.4712561070041,130.89038519989782,-37.465816019088614,739.8906727557334,9.283714496261728,39.026999224228135,59.75247274377209,3192307.6923076925,4.8076923076923075
0.2,"(100, 100, 100, 100, 100)","(0.7, 0.7, 0.3, 0.3, 0.3)",198.09744492046673,130.03506935002264,-38.91404639670789,761.9980122979998,9.167030269610688,39.36753456300855,60.82196679710711,3192307.6923076925,4.8076923076923075
0.2,"(100, 100, 100, 100, 100)","(0.7, 0.7, 0.5, 0.3, 0.3)",197.34159282250326,130.38958560583774,-38.818767761852015,750.9443425268665,9.192102060377154,39.14038954192286,60.3721068362701,3192307.6923076925,4.8076923076923075
0.2,"(100, 100, 100, 100, 100)","(0.7, 0.7, 0.5, 0.5, 0.3)",196.65089476245367,130.92461550439492,-38.17770778273568,739.8906727557334,9.222225591321868,38.90212122201987,59.92285692043436,3192307.6923076925,4.8076923076923075
0.2,"(100, 100, 100, 100, 100)","(0.7, 0.7, 0.7, 0.3, 0.3)",196.58574072453982,130.7441018616529,-38.72348912699613,739.8906727557332,9.216197988572906,38.917315480523925,59.91420628584731,3192307.6923076925,4.8076923076923075
0.2,"(100, 100, 100, 100, 100)","(0.7, 0.7, 0.5, 0.5, 0.5)",196.4273046818094,131.24490145571292,-37.339296162286,728.8370029846,9.266694788580002,38.722487705733684,59.35317563024288,3192307.6923076925,4.8076923076923075
0.2,"(100, 100, 100, 100, 100)","(0.7, 0.7, 0.7, 0.5, 0.3)",195.89504266449015,131.27913176021002,-38.08242914787981,728.8370029845998,9.245364553574515,38.681907370885,59.460941527050224,3192307.6923076925,4.8076923076923075
0.2,"(100, 100, 100, 100, 100)","(0.7, 0.7, 0.7, 0.5, 0.5)",195.67145258384593,131.59941771152808,-37.24401752743012,717.7833332134668,9.28897945534521,38.50627470153393,58.886169126460075,3192307.6923076925,4.8076923076923075
0.2,"(100, 100, 100, 100, 100)","(0.7, 0.7, 0.7, 0.7, 0.3)",195.20434460444054,131.81416165876726,-37.44136916876347,717.7833332134668,9.273529793521986,38.449905334028514,59.00767676825316,3192307.6923076925,4.8076923076923075
0.2,"(100, 100, 100, 100, 100)","(0.7, 0.7, 0.7, 0.7, 0.5)",194.9807545237963,132.1344476100853,-36.602957548313775,706.7296634423334,9.316233237782225,38.27594931946653,58.432904367663006,3192307.6923076925,4.8076923076923075
0.2,"(100, 100, 100, 100, 100)","(0.7, 0.7, 0.7, 0.7, 0.7)",194.75716444315205,132.4547335614033,-35.76454592786408,695.6759936712001,9.357974378961806,38.10357430475808,57.858131967072836,3192307.6923076925,4.8076923076923075
0.0,"(100, 100, 100, 100, 100)","(0.3, 0.3, 0.3, 0.3, 0.3)",160.71594169048316,109.08699451038507,-28.46844905269421,666.9947885395965,7.9510108932008725,33.81142984628018,51.69857109462351,5192307.692307692,4.8076923076923075
0.0,"(100, 100, 100, 100, 100)","(0.5, 0.3, 0.3, 0.3, 0.3)",158.70829148642176,109.95940073360137,-28.34140439394346,655.9411187684632,7.93348456642812,33.482027052448686,51.06758960967872,5192307.692307692,4.8076923076923075
0.0,"(100, 100, 100, 100, 100)","(0.7, 0.3, 0.3, 0.3, 0.3)",156.7006412823603,110.83180695681772,-28.21435973519273,644.8874489973298,7.913352319226641,33.15718628313566,50.43045114476129,5192307.692307692,4.8076923076923075
0.0,"(100, 100, 100, 100, 100)","(0.5, 0.5, 0.3, 0.3, 0.3)",156.664340061227,110.22655381451267,-28.214884537140826,644.8874489973298,7.911725116294847,33.13773435962358,50.43045114476129,5192307.692307692,4.8076923076923075
0.0,"(100, 100, 100, 100, 100)","(0.5, 0.5, 0.5, 0.3, 0.3)",155.90848796326352,110.49370689542394,-28.11960590228495,633.8337792261965,7.934588095760278,32.883638849303026,49.844342132457605,5192307.692307692,4.8076923076923075
0.0,"(100, 100, 100, 100, 100)","(0.5, 0.5, 0.5, 0.5, 0.3)",155.21778990321386,110.93607775004776,-27.478545923168618,622.7801094550632,7.9619045171492875,32.63013147512314,49.35844529221187,5192307.692307692,4.8076923076923075
0.0,"(100, 100, 100, 100, 100)","(0.5, 0.5, 0.5, 0.5, 0.5)",154.9941998225696,111.15950915274233,-26.64013430271892,611.7264396839299,8.004985654740764,32.4498025931752,48.74229305913643,5192307.692307692,4.8076923076923075
0.0,"(100, 100, 100, 100, 100)","(0.7, 0.5, 0.3, 0.3, 0.3)",154.65668985716556,111.09896003772901,-28.0878398783901,633.8337792261965,7.8889420283520275,32.8187275781445,49.844342132457605,5192307.692307692,4.8076923076923075
0.0,"(100, 100, 100, 100, 100)","(0.7, 0.5, 0.5, 0.3, 0.3)",153.90083775920206,111.36611311864029,-27.99256124353422,622.7801094550632,7.910383237461373,32.57459310931668,49.246894459918394,5192307.692307692,4.8076923076923075
0.0,"(100, 100, 100, 100, 100)","(0.7, 0.5, 0.5, 0.5, 0.3)",153.21013969915245,111.80848397326409,-27.351501264417877,611.7264396839299,7.936299527923557,32.32276441719192,48.756297624394136,5192307.692307692,4.8076923076923075
0.0,"(100, 100, 100, 100, 100)","(0.7, 0.5, 0.5, 0.5, 0.5)",152.9865496185082,112.03191537595868,-26.51308964396819,600.6727699127966,7.97849031508329,32.14505990316631,48.134185458373175,5192307.692307692,4.8076923076923075
0.0,"(100, 100, 100, 100, 100)","(0.7, 0.7, 0.3, 0.3, 0.3)",152.61273843197083,111.36611311864029,-27.961320021587465,622.7801094550632,7.861794106063638,32.483387928676834,49.246894459918394,5192307.692307692,4.8076923076923075
0.0,"(100, 100, 100, 100, 100)","(0.7, 0.7, 0.5, 0.3, 0.3)",151.85688633400733,111.6332661995516,-27.866041386731588,611.7264396839299,7.881792728973604,32.24069727546163,48.63777588276098,5192307.692307692,4.8076923076923075
0.0,"(100, 100, 100, 100, 100)","(0.7, 0.7, 0.5, 0.5, 0.3)",151.1661882739577,112.0756370541754,-27.224981407615246,600.6727699127966,7.906288315541913,31.98881705564673,48.14238723940436,5192307.692307692,4.8076923076923075
0.0,"(100, 100, 100, 100, 100)","(0.7, 0.7, 0.7, 0.3, 0.3)",151.10103423604386,111.9004192804629,-27.770762751875687,600.6727699127966,7.900628632854055,32.000042550041364,48.01664104804143,5192307.692307692,4.8076923076923075
0.0,"(100, 100, 100, 100, 100)","(0.7, 0.7, 0.5, 0.5, 0.5)",150.94259819331344,112.29906845686997,-26.38656978716555,589.6191001416632,7.94759032720175,31.811684857875346,47.514198715498694,5192307.692307692,4.8076923076923075
0.0,"(100, 100, 100, 100, 100)","(0.7, 0.7, 0.7, 0.5, 0.3)",150.41033617599425,112.3427901350867,-27.129702772759366,589.6191001416632,7.923994378239618,31.747577384717303,47.51636606747958,5192307.692307692,4.8076923076923075
0.0,"(100, 100, 100, 100, 100)","(0.7, 0.7, 0.7, 0.5, 0.5)",150.18674609534997,112.56622153778127,-26.29129115230967,578.5654303705301,7.964349079014478,31.570029290641994,46.88198131562758,5192307.692307692,4.8076923076923075
0.0,"(100, 100, 100, 100, 100)","(0.7, 0.7, 0.7, 0.7, 0.3)",149.71963811594458,112.78516098971052,-26.488642793643034,578.5654303705301,7.94619637875275,31.493697873714016,47.01609108691773,5192307.692307692,4.8076923076923075
0.0,"(100, 100, 100, 100, 100)","(0.7, 0.7, 0.7, 0.7, 0.5)",149.49604803530036,113.0085923924051,-25.65023117319334,567.5117605993967,7.985559242430342,31.317005934210457,46.51746350496676,5192307.692307692,4.8076923076923075
0.0,"(100, 100, 100, 100, 100)","(0.7, 0.7, 0.7, 0.7, 0.7)",149.27245795465612,113.23202379509965,-24.811819552743643,556.4580908282634,8.02389437598951,31.14156845973739,46.15789052951186,5192307.692307692,4.8076923076923075
